Sample_Index,Max_Probability,Prediction_Variance
0,0.9999715,0.0043100156
1,0.8009395,0.0028315182
2,0.7906765,0.0027834799
3,0.48133168,0.0014713247
4,0.5079797,0.0017520475
5,0.963872,0.0040047965
6,0.92250997,0.0036778299
7,0.7926101,0.0028505223
8,0.4537847,0.0015199046
9,0.99969625,0.004307633
10,0.5310075,0.0018622566
11,0.41015777,0.0014548479
12,0.49903443,0.0015606015
13,0.7410231,0.0024976998
14,0.6933118,0.0021453996
15,0.40897217,0.0013104854
16,0.9860071,0.0041901893
17,0.7039541,0.002455333
18,0.50093234,0.0015317453
19,0.8622497,0.0032664402
20,0.83129716,0.0030646494
21,0.9858046,0.004188601
22,0.5672359,0.0015168024
23,0.8776841,0.0033513028
24,0.78618306,0.0027300024
25,0.9975975,0.004289498
26,0.87665004,0.0033260267
27,0.99893457,0.004301044
28,0.6977184,0.0024549083
29,0.9753052,0.0041013625
30,0.45727065,0.001607295
31,0.50670695,0.0018668559
32,0.9999995,0.0043102577
33,0.9997718,0.004308286
34,0.96806777,0.004039577
35,0.8694065,0.0032903152
36,0.412657,0.001440695
37,0.96847534,0.0040437565
38,0.41198117,0.0015510711
39,0.71783835,0.0023916962
40,0.6806969,0.0022135421
41,0.6307055,0.0018969409
42,0.9988802,0.0043005743
43,0.6453765,0.0020645994
44,0.99997306,0.0043100286
45,0.9769607,0.004114489
46,0.85625875,0.0031814994
47,0.99999917,0.004310255
48,0.99736834,0.0042875293
49,0.5296979,0.0015388756
50,0.9999833,0.0043101176
51,0.99976736,0.004308248
52,0.905014,0.003537161
53,0.99947184,0.004305692
54,0.8950727,0.0034620254
55,0.9763104,0.0041087475
56,0.7905847,0.0027413159
57,0.754327,0.0026885213
58,0.98847395,0.004211284
59,0.9961222,0.0042767655
60,0.7734745,0.0026372925
61,0.9874943,0.004202925
62,0.99999523,0.004310221
63,0.99297947,0.004249812
64,0.5866232,0.0019359164
65,0.9988293,0.004300136
66,0.41171232,0.0014331738
67,0.6595483,0.0023456193
68,0.7779602,0.0026911767
69,0.9727457,0.0040789284
70,0.9094594,0.0035939636
71,0.5977261,0.0017142951
72,0.9487201,0.0038826675
73,0.6896412,0.0022479754
74,0.6636975,0.0022392108
75,0.4114681,0.0014235129
76,0.9183349,0.003646026
77,0.49438244,0.0017832742
78,0.71946055,0.0024252655
79,0.8099182,0.0029619483
80,0.68796027,0.0021878998
81,0.680858,0.0021785216
82,0.97788805,0.004122303
83,0.42210576,0.0012620065
84,0.9999994,0.004310257
85,0.6270891,0.0021785574
86,0.46952853,0.001234008
87,0.7007189,0.0024288874
88,0.58343333,0.0018179562
89,0.44764802,0.001609815
90,0.70082116,0.002188631
91,0.7458931,0.0024971107
92,0.8080603,0.002862497
93,0.62710756,0.0021788208
94,0.9884621,0.004211299
95,0.74008024,0.002621366
96,0.5368713,0.0014580982
97,0.61391985,0.0021963255
98,0.8976807,0.003481199
99,0.8143421,0.0029599501
100,0.7309769,0.0024410433
101,0.8007055,0.0028826739
102,0.58055276,0.0019983312
103,0.6532664,0.0023284713
104,0.9999893,0.004310169
105,0.852731,0.00316345
106,0.51991004,0.0015485289
107,0.7372125,0.0024107464
108,0.8719823,0.003313072
109,0.53787625,0.0019833727
110,0.98546267,0.004185688
111,0.9749426,0.0040964903
112,0.44755355,0.0014786255
113,0.5419892,0.0018337616
114,0.75168824,0.0026362091
115,0.6704728,0.0020865467
116,0.6794967,0.0023555283
117,0.9610465,0.0039859423
118,0.9994542,0.0043055387
119,0.59673125,0.0017066766
120,0.9914756,0.0042368313
121,0.91149133,0.003597688
122,0.6085642,0.001922781
123,0.530247,0.0014503612
124,0.95668083,0.0039461358
125,0.5321306,0.0014966677
126,0.8091806,0.0028897473
127,0.50819135,0.001546513
128,0.999869,0.004309129
129,0.88376045,0.0033786984
130,0.24436553,0.00071554456
131,0.9988745,0.004300524
132,0.5833183,0.0017822143
133,0.96849614,0.004043855
134,0.8503886,0.0031294455
135,0.93082315,0.0037418047
136,0.93929553,0.0038088674
137,0.54413944,0.0017363465
138,0.71040714,0.0023188433
139,0.65309125,0.0023136272
140,0.99337065,0.004253105
141,0.36761376,0.0013789553
142,0.5959447,0.0018599201
143,0.8695602,0.0032917222
144,0.38533506,0.0010246803
145,0.99995434,0.004309867
146,0.77304286,0.0027837784
147,0.9292604,0.0037312456
148,0.510808,0.0018919993
149,0.97588986,0.0041044634
150,0.8267751,0.0029840476
151,0.9604663,0.0039787046
152,0.9760573,0.004107901
153,0.99998987,0.0043101744
154,0.33283925,0.00096419494
155,0.99692863,0.004283746
156,0.9999726,0.0043100244
157,0.9729796,0.004080643
158,0.9987534,0.004299478
159,0.99094415,0.0042322995
160,0.9951858,0.004268728
161,0.24588853,0.00056506344
162,0.546738,0.0016455806
163,0.88546026,0.0034219879
164,0.8219263,0.0029647783
165,0.7330039,0.0024622255
166,0.8402763,0.0030783375
167,0.9978574,0.0042917435
168,0.8773384,0.003374411
169,0.7519293,0.0025199328
170,0.7149492,0.0022426595
171,0.66720587,0.0023592752
172,0.79405606,0.0027942008
173,0.7810727,0.002711964
174,0.98771787,0.0042046774
175,0.34577844,0.0011224321
176,0.9769017,0.004113304
177,0.5247663,0.0018731238
178,0.9820228,0.0041563166
179,0.998173,0.0042944653
180,0.8740708,0.003305482
181,0.998691,0.004298939
182,0.9979596,0.004292629
183,0.99644417,0.004279572
184,0.5253058,0.0015500078
185,0.99813855,0.004294165
186,0.9989504,0.0043011815
187,0.98064524,0.004145156
188,0.9611431,0.003985936
189,0.99769455,0.0042903465
190,0.96844673,0.0040424084
191,0.9999987,0.0043102507
192,0.8353645,0.0030501012
193,0.9971528,0.0042856573
194,0.63510567,0.0020595125
195,0.7346907,0.0026149112
196,0.98470944,0.004179502
197,0.96979606,0.004053888
198,0.35933363,0.00097610336
199,0.845862,0.0030932503
200,0.98383313,0.0041720388
201,0.76775646,0.0026783582
202,0.8494854,0.0031781201
203,0.36082995,0.0010190938
204,0.27987182,0.0007181029
205,0.5245886,0.0017326459
206,0.91210663,0.003601005
207,0.96510005,0.0040165675
208,0.89419293,0.0034596422
209,0.7604811,0.0027273973
210,0.8400017,0.003143705
211,0.9963775,0.0042789727
212,0.39451182,0.0014902797
213,0.65216976,0.0022687067
214,0.38974535,0.00095606997
215,0.2703847,0.0005759342
216,0.68197703,0.0021540879
217,0.9999964,0.0043102307
218,0.7905688,0.002747315
219,0.66514355,0.002181669
220,0.89792955,0.0034933272
221,0.98402035,0.004173216
222,0.9954267,0.0042708353
223,0.37702093,0.0011734726
224,0.717929,0.0024346765
225,0.97924155,0.004133359
226,0.32743475,0.00096887286
227,0.7043984,0.0022861804
228,0.7069737,0.002389162
229,0.8846159,0.003416874
230,0.96402043,0.004006912
231,0.99875,0.0042994474
232,0.8749013,0.0033414618
233,0.9750226,0.004098477
234,0.9795187,0.0041357675
235,0.7663776,0.002642379
236,0.2714057,0.0008396256
237,0.9836038,0.0041700797
238,0.9981627,0.004294382
239,0.9960348,0.004276012
240,0.96689343,0.0040312293
241,0.86340696,0.0032536115
242,0.98524994,0.004183823
243,0.981845,0.004155143
244,0.9729283,0.0040817577
245,0.98420066,0.004175449
246,0.99999833,0.0043102475
247,0.99835986,0.00429608
248,0.9989409,0.0043010996
249,0.68364304,0.0021667173
250,0.9622532,0.003995422
251,0.3694797,0.0009084616
252,0.9340988,0.0037749587
253,0.95065325,0.0039035405
254,0.9508176,0.0039026667
255,0.99999774,0.0043102424
256,0.5773027,0.0018386006
257,0.8348642,0.0030285898
258,0.9956773,0.004272988
259,0.88221276,0.003372128
260,0.35101876,0.00070417946
261,0.92856234,0.00372785
262,0.53899795,0.0021198883
263,0.75862306,0.0026549564
264,0.7031539,0.0022345353
265,0.99184304,0.0042400304
266,0.73641956,0.0026138441
267,0.8626724,0.0032256683
268,0.62752074,0.0018013117
269,0.85405207,0.0031736423
270,0.7560007,0.002501053
271,0.7240732,0.002463643
272,0.91564685,0.0036215307
273,0.75314236,0.002653044
274,0.4611016,0.0015591596
275,0.75969976,0.0025496753
276,0.7551041,0.0025934237
277,0.8356171,0.0030559034
278,0.98351353,0.004169594
279,0.9980533,0.0042934343
280,0.97133785,0.0040683155
281,0.6382833,0.0019287498
282,0.9999893,0.004310169
283,0.99904937,0.004302037
284,0.38244593,0.00092643255
285,0.45956752,0.0014658927
286,0.7534494,0.0026080203
287,0.37314266,0.0011348517
288,0.44486454,0.0016612222
289,0.92982763,0.003743289
290,0.97061455,0.0040620877
291,0.6113263,0.0020127767
292,0.8860249,0.003415083
293,0.8883278,0.003428573
294,0.5128299,0.0014276155
295,0.99056387,0.00422913
296,0.2259095,0.0006716526
297,0.58463174,0.0021432342
298,0.94348794,0.0038395645
299,0.9954516,0.0042710016
300,0.7033725,0.0024917359
301,0.5521764,0.0015557368
302,0.74345785,0.002420039
303,0.5733584,0.0021163018
304,0.79835665,0.0027813604
305,0.7748438,0.0026903572
306,0.9381498,0.0037965695
307,0.9143503,0.0036149889
308,0.8438483,0.0030806062
309,0.96156913,0.003990259
310,0.8401449,0.0031423524
311,0.8303548,0.0030074962
312,0.63677007,0.0020482286
313,0.99713707,0.0042855227
314,0.9535839,0.003922328
315,0.7671482,0.0026626613
316,0.9802532,0.004142534
317,0.99423546,0.00426053
318,0.9988845,0.0043006144
319,0.6288978,0.0022845904
320,0.9972397,0.0042864126
321,0.8778152,0.003371378
322,0.9109239,0.0035904597
323,0.7159231,0.0022876055
324,0.9221446,0.0036681644
325,0.59870225,0.0018981699
326,0.513083,0.0013957253
327,0.6307191,0.0018204052
328,0.972796,0.004080164
329,0.9373178,0.0037916938
330,0.66742665,0.0022784758
331,0.89691246,0.0034942606
332,0.5527608,0.0021647566
333,0.7028031,0.002255068
334,0.24987525,0.0008183509
335,0.87458044,0.0033296063
336,0.7244721,0.0023828435
337,0.62548095,0.0018138199
338,0.9632875,0.004003612
339,0.79426694,0.0028586204
340,0.9464939,0.0038689596
341,0.76852405,0.002690625
342,0.91223645,0.0035961962
343,0.8865438,0.0034312515
344,0.81767005,0.0029174476
345,0.7952513,0.0028102961
346,0.7697829,0.0026692483
347,0.73734164,0.002457183
348,0.98402977,0.0041736946
349,0.53626007,0.0016080155
350,0.99999726,0.0043102386
351,0.9525855,0.0039149956
352,0.53102475,0.0016215225
353,0.8277889,0.0030342196
354,0.51198107,0.0014925809
355,0.998271,0.0042953123
356,0.91612345,0.003625417
357,0.4738364,0.0012320759
358,0.7164075,0.0023387144
359,0.79837936,0.0028790697
360,0.99636346,0.00427886
361,0.71670216,0.0024996381
362,0.6781696,0.002403402
363,0.88693964,0.0033951027
364,0.9999951,0.0043102195
365,0.6842951,0.0020609344
366,0.80707854,0.002927221
367,0.69096786,0.0023922618
368,0.39138335,0.0013396511
369,0.65499955,0.00233407
370,0.9922219,0.004243327
371,0.9925775,0.004246349
372,0.8442118,0.0031188917
373,0.56319845,0.0018361295
374,0.4457363,0.0014057397
375,0.99621224,0.004277555
376,0.9840105,0.0041731824
377,0.65460706,0.0019739599
378,0.999982,0.004310106
379,0.99030113,0.004226873
380,0.98942053,0.0042194873
381,0.3612546,0.001188517
382,0.7519701,0.0026447
383,0.44435003,0.0012603228
384,0.8892628,0.0034209648
385,0.5936695,0.002108105
386,0.70120424,0.002245445
387,0.49367544,0.0013847897
388,0.47753042,0.0016591887
389,0.6493872,0.0019843678
390,0.47583774,0.0013549678
391,0.85924697,0.0032021713
392,0.82455426,0.0029856951
393,0.99999857,0.00431025
394,0.46848422,0.0017556079
395,0.8060932,0.0028715013
396,0.5515564,0.0018872657
397,0.4929756,0.0015439847
398,0.94571346,0.0038612513
399,0.54990464,0.0015102739
400,0.8635982,0.003226683
401,0.90154785,0.003522578
402,0.3719125,0.0012584437
403,0.5886346,0.0020903246
404,0.99607784,0.004276401
405,0.8608624,0.0032372992
406,0.64395434,0.0019841394
407,0.9353162,0.0037858018
408,0.7223772,0.002419274
409,0.8786757,0.0033867548
410,0.99032646,0.0042270683
411,0.97076887,0.0040632146
412,0.48573726,0.0017151448
413,0.45747393,0.0011389874
414,0.7004674,0.0021617368
415,0.47222427,0.0015345551
416,0.98146087,0.004151517
417,0.9999827,0.0043101124
418,0.8841207,0.0033931027
419,0.99652207,0.0042802193
420,0.9539575,0.0039235987
421,0.572769,0.0020334157
422,0.99965096,0.0043072407
423,0.65455323,0.002278054
424,0.3790612,0.0009278538
425,0.96552026,0.004018436
426,0.9921124,0.0042422875
427,0.81552225,0.0029285888
428,0.9958098,0.004274107
429,0.9985839,0.0042980136
430,0.9582624,0.003958115
431,0.9266177,0.0037084362
432,0.9994486,0.0043054908
433,0.90284777,0.0035335443
434,0.7979399,0.002858287
435,0.6868928,0.0020981482
436,0.7479224,0.0025789402
437,0.7260936,0.0024696253
438,0.78019017,0.002754844
439,0.9926764,0.004247285
440,0.5065517,0.001536135
441,0.57768506,0.0018016545
442,0.87506795,0.00332405
443,0.97421604,0.0040913187
444,0.999574,0.0043065744
445,0.8231369,0.0030447308
446,0.961651,0.003986333
447,0.76536834,0.0025570258
448,0.8198766,0.00294653
449,0.79731464,0.0028657
450,0.46486712,0.0013840005
451,0.79814184,0.0028780142
452,0.99995065,0.004309835
453,0.6684122,0.0021431292
454,0.34654605,0.0009687536
455,0.5829973,0.0021726785
456,0.88226676,0.0033765673
457,0.86201936,0.0032624262
458,0.52409935,0.001537176
459,0.9118882,0.0035916085
460,0.96165085,0.003985787
461,0.6706656,0.0023299435
462,0.75355047,0.0025748888
463,0.82874626,0.0030120614
464,0.9999182,0.0043095537
465,0.9683556,0.004042557
466,0.9060732,0.003570931
467,0.99999595,0.004310227
468,0.99379116,0.0042568203
469,0.9799891,0.004139218
470,0.99603915,0.0042760763
471,0.675892,0.0023266117
472,0.9663699,0.004025773
473,0.99745053,0.0042882264
474,0.8579738,0.003210725
475,0.5906186,0.0017167086
476,0.76999116,0.0027727743
477,0.4093904,0.0010669455
478,0.9855312,0.004186314
479,0.99900997,0.004301699
480,0.71263677,0.0024878148
481,0.99209327,0.0042422134
482,0.99999976,0.00431026
483,0.5773077,0.0021005007
484,0.82468206,0.0029725765
485,0.40911782,0.00095624966
486,0.5484784,0.0018791128
487,0.78774184,0.0028516713
488,0.820276,0.0030023626
489,0.97963095,0.0041360306
490,0.53391886,0.0018125664
491,0.81461376,0.0029294775
492,0.6756902,0.0023658257
493,0.76612943,0.0026740208
494,0.651532,0.0022421456
495,0.93636984,0.0037911134
496,0.7881553,0.0028175362
497,0.78374064,0.002746985
498,0.9930506,0.0042503793
499,0.9999026,0.004309419
500,0.99512696,0.0042681904
501,0.95373744,0.003922726
502,0.9999995,0.0043102577
503,0.88891995,0.00343996
504,0.92428225,0.0037017597
505,0.644451,0.0022204686
506,0.9094193,0.003573737
507,0.9364562,0.0037911192
508,0.98149186,0.004152189
509,0.99998546,0.004310136
510,0.85931,0.0032343704
511,0.9998115,0.00430863
512,0.9981616,0.004294371
513,0.9747898,0.0040958486
514,0.5933154,0.0020503507
515,0.7823203,0.0026658669
516,0.9932359,0.004251986
517,0.57503116,0.0019415779
518,0.37519222,0.0009277813
519,0.98578775,0.004188723
520,0.86781824,0.0032699588
521,0.9857787,0.0041884943
522,0.39132628,0.0011517514
523,0.9999739,0.004310036
524,0.99999654,0.004310232
525,0.93927693,0.0038091852
526,0.77614856,0.0026757559
527,0.99892044,0.0043009245
528,0.29631323,0.0006971662
529,0.20960246,0.0003710527
530,0.7193087,0.0024729997
531,0.4776777,0.0016531601
532,0.99433196,0.0042613596
533,0.31224075,0.00075312535
534,0.8692984,0.0032980444
535,0.7394717,0.002554934
536,0.7578273,0.0025125989
537,0.9993568,0.0043046963
538,0.9948738,0.00426606
539,0.97475976,0.0040949313
540,0.99965775,0.0043072994
541,0.49352232,0.0019003471
542,0.67598647,0.0020484515
543,0.999998,0.0043102447
544,0.825684,0.0030150632
545,0.9999987,0.0043102507
546,0.6299847,0.0021813512
547,0.4314619,0.001514946
548,0.9999964,0.0043102307
549,0.99284065,0.0042486545
550,0.71458596,0.0023169194
551,0.28132877,0.0006468821
552,0.99998367,0.004310121
553,0.96093327,0.003980653
554,0.9999521,0.004309847
555,0.3543034,0.0011879349
556,0.980992,0.0041477107
557,0.61451584,0.002164408
558,0.45645308,0.0016137728
559,0.86010206,0.0032468385
560,0.9920232,0.0042415136
561,0.4597021,0.0017512108
562,0.99501085,0.0042672176
563,0.39627382,0.0014361319
564,0.7570551,0.0026433985
565,0.96277076,0.0039997953
566,0.86678267,0.0032673045
567,0.97572464,0.0041045505
568,0.97763616,0.004119271
569,0.9028268,0.0035296553
570,0.59291273,0.001948923
571,0.6270891,0.0021785574
572,0.5402036,0.0014601157
573,0.96409667,0.004008247
574,0.5787301,0.0018745328
575,0.68456966,0.002391076
576,0.8384357,0.003102619
577,0.99804413,0.0042933524
578,0.96430856,0.0040086955
579,0.93551993,0.003784278
580,0.791225,0.0027394977
581,0.657226,0.0019141102
582,0.8825879,0.0033698962
583,0.93817866,0.0037995665
584,0.68504864,0.002429739
585,0.36610508,0.0011508502
586,0.98605645,0.004190518
587,0.9999995,0.0043102577
588,0.99999404,0.0043102102
589,0.9969399,0.00428382
590,0.4863321,0.0017621057
591,0.9974189,0.004287967
592,0.44181466,0.0014641952
593,0.6925027,0.002306194
594,0.65554565,0.0019391524
595,0.8090401,0.002889026
596,0.5459345,0.001660913
597,0.97838324,0.004126974
598,0.9992766,0.004304002
599,0.48556027,0.0013064941
600,0.49745816,0.0019082585
601,0.39044452,0.000987003
602,0.505881,0.0014925919
603,0.9770985,0.0041146395
604,0.9999994,0.004310257
605,0.67981195,0.0022144963
606,0.49627984,0.0017300831
607,0.3751545,0.0010381748
608,0.4196838,0.0013202105
609,0.6834457,0.0020891726
610,0.8676978,0.0032732917
611,0.6186893,0.0017739965
612,0.76621103,0.0026118455
613,0.9495132,0.0038886156
614,0.8703432,0.0033082666
615,0.8877438,0.0034446297
616,0.87474054,0.0033306929
617,0.6184297,0.0020299167
618,0.90888613,0.003574515
619,0.8588246,0.003198263
620,0.9895712,0.0042206882
621,0.7405857,0.002513342
622,0.91829336,0.0036582986
623,0.34595215,0.00094779575
624,0.55344087,0.0018943454
625,0.98878175,0.004213839
626,0.929669,0.0037345209
627,0.9890984,0.0042167082
628,0.9915816,0.0042378646
629,0.5934076,0.0019350387
630,0.25558838,0.00079988
631,0.6381263,0.002130801
632,0.7832602,0.0028145474
633,0.93886787,0.0038007377
634,0.907842,0.0035698698
635,0.9304304,0.003747856
636,0.67442924,0.002356781
637,0.9999343,0.0043096934
638,0.9522615,0.0039086975
639,0.7931536,0.0027833234
640,0.7091237,0.0023126646
641,0.9999958,0.0043102256
642,0.3623955,0.0013847324
643,0.5118621,0.0020903002
644,0.42896146,0.0012644115
645,0.8595959,0.0032275906
646,0.9664066,0.0040256935
647,0.4188391,0.0012380396
648,0.94745624,0.0038741545
649,0.42384812,0.001246334
650,0.3628536,0.001013346
651,0.99947447,0.0043057147
652,0.48679805,0.0018810428
653,0.54102176,0.0015574275
654,0.5266862,0.0020939237
655,0.86224145,0.0032754513
656,0.92068815,0.0036609937
657,0.92520386,0.0036917415
658,0.9528182,0.0039156275
659,0.6554817,0.0019655859
660,0.84656096,0.0031770475
661,0.70159274,0.0022509054
662,0.65178263,0.0023218356
663,0.8530675,0.003158741
664,0.9950995,0.0042680018
665,0.8976807,0.003481199
666,0.9943066,0.00426118
667,0.77493346,0.0026734509
668,0.986691,0.0041960897
669,0.66164565,0.0022845736
670,0.690693,0.002275028
671,0.45313278,0.0014690437
672,0.56248873,0.0018490085
673,0.6305956,0.0021473635
674,0.99960345,0.00430683
675,0.7972048,0.0028090735
676,0.4795971,0.0011995386
677,0.838558,0.003065128
678,0.999997,0.0043102363
679,0.60025454,0.0017627788
680,0.9956611,0.004272793
681,0.7335769,0.00250268
682,0.9826245,0.0041619213
683,0.98953,0.0042202286
684,0.48292923,0.0018377436
685,0.9996124,0.004306907
686,0.87274677,0.0032991688
687,0.5396932,0.0016134466
688,0.9977463,0.004290784
689,0.95079136,0.003896753
690,0.999984,0.0043101236
691,0.52274275,0.0019359975
692,0.99999654,0.004310232
693,0.99559504,0.004272282
694,0.86593753,0.003250963
695,0.58868587,0.0020606597
696,0.9311087,0.0037524295
697,0.88235176,0.0033799626
698,0.9562592,0.003945773
699,0.99094,0.0042324844
700,0.7678897,0.0026125677
701,0.7118319,0.0024192613
702,0.8742424,0.003314483
703,0.97950155,0.004135095
704,0.5939995,0.001651847
705,0.8406332,0.0031216564
706,0.9911459,0.0042339815
707,0.59888667,0.0018125199
708,0.37034345,0.0011829956
709,0.9807293,0.0041456916
710,0.84413147,0.003108017
711,0.81701535,0.00293175
712,0.44420984,0.0011204337
713,0.99145025,0.004236798
714,0.9052985,0.0035669445
715,0.90332466,0.0035280953
716,0.6750335,0.002121498
717,0.89571774,0.0034709051
718,0.76684165,0.0026190917
719,0.8665973,0.0032669024
720,0.92946154,0.0037322803
721,0.94869435,0.0038797043
722,0.54301876,0.0016077156
723,0.8968839,0.0034728209
724,0.9983784,0.0042962395
725,0.6456599,0.0021661588
726,0.99999714,0.0043102372
727,0.5596257,0.0015403255
728,0.50125563,0.001737528
729,0.9029607,0.0035345133
730,0.76268774,0.0027366085
731,0.9779935,0.0041230624
732,0.8342494,0.0030099568
733,0.9999994,0.004310257
734,0.811047,0.002917854
735,0.67782146,0.0022390948
736,0.9982493,0.0042951265
737,0.5279552,0.0020938055
738,0.99402714,0.0042587537
739,0.91548866,0.0036253068
740,0.64243186,0.0018350789
741,0.69551605,0.0022591657
742,0.96605253,0.004024606
743,0.3575718,0.0011468418
744,0.9985312,0.0042975605
745,0.6481102,0.0021101355
746,0.9793331,0.0041340226
747,0.37363276,0.0008342618
748,0.999998,0.0043102447
749,0.4274928,0.001430963
750,0.66162217,0.0020474475
751,0.9999975,0.0043102405
752,0.70864296,0.002346588
753,0.37716305,0.0014061092
754,0.52592635,0.0016380536
755,0.32096088,0.0009477232
756,0.71206194,0.0023566063
757,0.21779193,0.0006113805
758,0.42304426,0.0015779937
759,0.99996936,0.0043099965
760,0.97024184,0.004058527
761,0.7785782,0.0027919654
762,0.99399203,0.0042584403
763,0.55283856,0.0016457796
764,0.97299135,0.0040804246
765,0.7382584,0.0026199678
766,0.78278697,0.0028050998
767,0.54023,0.0019055837
768,0.47802722,0.0015571226
769,0.9784129,0.0041266927
770,0.561476,0.0017924133
771,0.7621004,0.0026383486
772,0.7775523,0.0026342697
773,0.9999995,0.0043102577
774,0.9958448,0.0042743958
775,0.9108145,0.0036017848
776,0.88205874,0.003407485
777,0.9789219,0.004130338
778,0.98414224,0.0041750297
779,0.86802787,0.0032692954
780,0.60936725,0.0019284495
781,0.5225906,0.0014770053
782,0.42902964,0.0012077163
783,0.93662506,0.0037867231
784,0.99999976,0.00431026
785,0.99999833,0.0043102475
786,0.5142549,0.0013144775
787,0.6087661,0.0022124005
788,0.6299416,0.0019538002
789,0.4054959,0.0014147838
790,0.6897094,0.0024556345
791,0.7421443,0.0025913964
792,0.73767614,0.0026327434
793,0.7045837,0.0023123554
794,0.5085736,0.0017831066
795,0.8984255,0.003516884
796,0.20027748,0.0004494375
797,0.88235176,0.0033799626
798,0.78279597,0.0027072756
799,0.8017402,0.0028321901
800,0.9951839,0.00426875
801,0.28601536,0.0008766257
802,0.99959105,0.004306724
803,0.99999595,0.004310227
804,0.9991893,0.004303249
805,0.99996793,0.0043099844
806,0.7746568,0.002633233
807,0.99997747,0.0043100673
808,0.7299492,0.0024313044
809,0.46986464,0.0012630281
810,0.7217819,0.002364923
811,0.6604352,0.002133767
812,0.26064065,0.00071516575
813,0.99409986,0.0042594126
814,0.34966844,0.0009446075
815,0.43801412,0.0011986218
816,0.990986,0.004232764
817,0.7408155,0.0026449047
818,0.7545845,0.0026623728
819,0.55752164,0.0016065593
820,0.70174146,0.002326972
821,0.6877031,0.0022359937
822,0.64908516,0.002322192
823,0.88302076,0.0033837478
824,0.7199586,0.00251674
825,0.4854191,0.0012672202
826,0.9117807,0.0035937387
827,0.9658103,0.0040219533
828,0.920136,0.0036574611
829,0.9999821,0.0043101073
830,0.8230786,0.0029424466
831,0.971855,0.0040705926
832,0.7907784,0.0028561552
833,0.99999774,0.0043102424
834,0.49009985,0.0014503329
835,0.94104874,0.003827232
836,0.4808381,0.0014702501
837,0.98285025,0.004163771
838,0.9999825,0.00431011
839,0.7378856,0.0024824548
840,0.48818514,0.0012191868
841,0.9009683,0.0035179225
842,0.41267088,0.0013164578
843,0.99949276,0.0043058717
844,0.7330357,0.0025957474
845,0.7519922,0.0026780195
846,0.92218137,0.003676932
847,0.42471892,0.00154862
848,0.40757692,0.0011644575
849,0.5950371,0.001953986
850,0.94146633,0.0038244845
851,0.7714512,0.0027709277
852,0.68480223,0.0023212142
853,0.4271679,0.0013807106
854,0.39728144,0.0013765388
855,0.9973947,0.004287749
856,0.9154762,0.0036159817
857,0.5144969,0.0012804307
858,0.99098724,0.0042327973
859,0.99931765,0.004304359
860,0.97182333,0.0040702582
861,0.9679051,0.004040428
862,0.99988544,0.0043092715
863,0.72896224,0.0025517235
864,0.670383,0.0021464513
865,0.9999968,0.0043102344
866,0.93913937,0.0038025992
867,0.2570488,0.00067402906
868,0.98929113,0.004218219
869,0.9777119,0.004120358
870,0.96352226,0.004004887
871,0.98183846,0.004155617
872,0.96196723,0.003991934
873,0.81420314,0.002919414
874,0.7922418,0.0028019764
875,0.9773577,0.0041178972
876,0.7862827,0.0026921977
877,0.7551575,0.0024822329
878,0.47224292,0.0012892223
879,0.6063049,0.0018159553
880,0.4276634,0.0012360724
881,0.849169,0.0031687305
882,0.71060294,0.0024815663
883,0.9582299,0.003962022
884,0.63510567,0.0020595125
885,0.66365874,0.002297892
886,0.46279612,0.0013210116
887,0.32423714,0.000783445
888,0.42487663,0.0009717578
889,0.99163073,0.00423824
890,0.6960913,0.0022907346
891,0.99901354,0.0043017277
892,0.9144087,0.003618011
893,0.8710052,0.0033123621
894,0.50745475,0.0013436909
895,0.84505147,0.0031039903
896,0.42651325,0.0013437569
897,0.5957724,0.0017134636
898,0.5131477,0.0019323253
899,0.8778346,0.0033547066
900,0.99794656,0.0042925132
901,0.5088582,0.0016774711
902,0.66023916,0.0020514182
903,0.91555834,0.0036291666
904,0.9967319,0.004282039
905,0.6332832,0.0019551702
906,0.85906017,0.003242707
907,0.9999968,0.0043102344
908,0.37539905,0.0009930308
909,0.92019874,0.0036588393
910,0.9988984,0.0043007336
911,0.84272903,0.0031299908
912,0.4338432,0.001563313
913,0.96677643,0.0040288917
914,0.6032218,0.0017287505
915,0.90839756,0.0035574965
916,0.885723,0.0034298378
917,0.6904715,0.0022127589
918,0.50500053,0.0020877006
919,0.8239243,0.002969672
920,0.6546179,0.002024032
921,0.67063147,0.0021610379
922,0.8559096,0.0032340386
923,0.39880297,0.0009766957
924,0.4044556,0.0013765945
925,0.77214533,0.0026233308
926,0.5705267,0.0021770804
927,0.85928065,0.0032356344
928,0.9130654,0.0035972795
929,0.9584423,0.0039606607
930,0.8302506,0.0030008683
931,0.9994537,0.0043055355
932,0.9604343,0.0039795763
933,0.9192279,0.0036477377
934,0.75226724,0.002611001
935,0.9764215,0.0041096937
936,0.47883275,0.0013681159
937,0.4376339,0.0009919674
938,0.9587078,0.003964883
939,0.34786057,0.0008446066
940,0.999998,0.0043102447
941,0.94748235,0.0038733361
942,0.9911073,0.004233792
943,0.77683806,0.0026520924
944,0.96895146,0.0040469198
945,0.8902675,0.0034337766
946,0.4868303,0.0016985656
947,0.99903846,0.004301945
948,0.3335275,0.0011659536
949,0.95615566,0.0039420873
950,0.80414754,0.0029171056
951,0.59857994,0.0020793104
952,0.40286872,0.0012501322
953,0.9999968,0.0043102344
954,0.3790039,0.0010378612
955,0.9201517,0.003663216
956,0.8195495,0.0030194002
957,0.7548587,0.0025715476
958,0.9668778,0.0040325476
959,0.9150892,0.0036202846
960,0.9159417,0.0036354968
961,0.99072826,0.0042304345
962,0.6476816,0.002016129
963,0.38326845,0.0011090764
964,0.7515591,0.0025781845
965,0.9997812,0.004308368
966,0.7923938,0.0027768463
967,0.58796114,0.002084145
968,0.640835,0.0020187884
969,0.29647478,0.0009200747
970,0.91674066,0.0036324472
971,0.5811618,0.0021878362
972,0.9878169,0.0042056874
973,0.9841069,0.0041742907
974,0.73957366,0.002640085
975,0.5795663,0.0016287493
976,0.5730683,0.0016752172
977,0.4568961,0.0014082203
978,0.98550725,0.004186185
979,0.8336007,0.0030220777
980,0.59724957,0.0019048933
981,0.60546446,0.002237032
982,0.9442887,0.0038439955
983,0.99417675,0.004260049
984,0.9706815,0.004061567
985,0.38869593,0.0012150912
986,0.49614516,0.0015031258
987,0.8482217,0.0031932571
988,0.60168487,0.0018516723
989,0.8893437,0.0034242163
990,0.5952932,0.0016583105
991,0.8568717,0.0032398908
992,0.8630904,0.0032503018
993,0.67316365,0.0022985688
994,0.32477096,0.00097141304
995,0.9670852,0.0040322673
996,0.7839796,0.002822635
997,0.68667245,0.002343922
998,0.47686523,0.0019465592
999,0.9744641,0.004092616
1000,0.99398094,0.004258416
1001,0.84018797,0.0031413774
1002,0.71552783,0.002307573
1003,0.8549162,0.0031760877
1004,0.9831934,0.004166557
1005,0.7154723,0.0024706337
1006,0.45174864,0.0014207179
1007,0.3805198,0.0011147432
1008,0.7241383,0.0023511068
1009,0.99867827,0.0042988327
1010,0.9801879,0.004140673
1011,0.9999982,0.0043102466
1012,0.9067583,0.0035776503
1013,0.44421667,0.0011156449
1014,0.63141876,0.001956018
1015,0.9996629,0.0043073446
1016,0.8108698,0.0028730587
1017,0.999998,0.0043102447
1018,0.98937744,0.004218949
1019,0.9963019,0.004278336
1020,0.6836934,0.002149437
1021,0.767485,0.0026230533
1022,0.89628524,0.003470579
1023,0.6602789,0.0021965725
1024,0.7930607,0.0027777045
1025,0.99105304,0.004233274
1026,0.68856907,0.0023462153
1027,0.8282026,0.002991249
1028,0.8823543,0.0033729728
1029,0.92305595,0.0036880192
1030,0.39198765,0.0010148959
1031,0.40481493,0.00097133097
1032,0.977217,0.004115626
1033,0.945189,0.003855059
1034,0.96874523,0.0040454958
1035,0.50564474,0.0021014942
1036,0.7697501,0.0027675913
1037,0.9394024,0.0038150828
1038,0.36828345,0.001210091
1039,0.99999917,0.004310255
1040,0.9999987,0.0043102507
1041,0.80243206,0.002931161
1042,0.98832047,0.0042099124
1043,0.6303448,0.0019413616
1044,0.54905677,0.0016929213
1045,0.949534,0.0038921395
1046,0.9999987,0.0043102507
1047,0.9617601,0.0039885193
1048,0.90710914,0.003565949
1049,0.6021849,0.002128155
1050,0.89359045,0.0034702732
1051,0.8610026,0.0032083692
1052,0.8001355,0.0028190867
1053,0.83638686,0.0030994944
1054,0.5248732,0.0012936485
1055,0.9999908,0.0043101823
1056,0.98219705,0.004158246
1057,0.55446714,0.0019642282
1058,0.46964204,0.0017897587
1059,0.80887276,0.0028878967
1060,0.5975995,0.0016226439
1061,0.9024982,0.0035344579
1062,0.51920754,0.0015983513
1063,0.24589323,0.00070125394
1064,0.7492974,0.0025392624
1065,0.92933583,0.00372956
1066,0.5699267,0.0015870713
1067,0.74824625,0.0025981707
1068,0.8377351,0.003059383
1069,0.73592156,0.0023809597
1070,0.83995485,0.0030971759
1071,0.43590167,0.0011141002
1072,0.63230467,0.0018884654
1073,0.9361485,0.0037883788
1074,0.95882386,0.003966052
1075,0.7828893,0.0027418823
1076,0.944488,0.0038455813
1077,0.7551496,0.0025460275
1078,0.6290091,0.001893488
1079,0.9200557,0.0036504401
1080,0.5611962,0.0015985256
1081,0.57265174,0.0017477629
1082,0.579323,0.0018760148
1083,0.8701524,0.003278413
1084,0.99871886,0.004299181
1085,0.9524671,0.003913351
1086,0.6997058,0.0023537225
1087,0.905357,0.0035663894
1088,0.9998258,0.0043087536
1089,0.9207113,0.003677941
1090,0.7656347,0.0026193312
1091,0.4363673,0.0010651163
1092,0.6122221,0.0021301163
1093,0.6393692,0.0020692267
1094,0.57695967,0.0016163753
1095,0.9857658,0.004188077
1096,0.63540006,0.0019725403
1097,0.9336531,0.0037649877
1098,0.97659427,0.004111629
1099,0.5442109,0.0015402888
1100,0.988936,0.0042152302
1101,0.50260425,0.0015534036
1102,0.6806337,0.0021522364
1103,0.9624724,0.003996874
1104,0.99999726,0.0043102386
1105,0.9941386,0.0042597083
1106,0.88227564,0.0033645025
1107,0.46235746,0.0018135502
1108,0.9998271,0.0043087653
1109,0.62588626,0.0020647033
1110,0.53555286,0.0018013039
1111,0.9997032,0.0043076947
1112,0.76811385,0.0025893948
1113,0.8505162,0.0031637356
1114,0.49074635,0.0011810214
1115,0.9284499,0.0037189964
1116,0.7110937,0.0024056605
1117,0.9991714,0.0043030935
1118,0.32326332,0.0011549895
1119,0.7998604,0.0029142285
1120,0.52355874,0.0018960928
1121,0.5541959,0.0017210896
1122,0.9674037,0.0040355166
1123,0.3793635,0.001097538
1124,0.9959906,0.0042756507
1125,0.8736204,0.0033220728
1126,0.99700016,0.004284363
1127,0.9525524,0.00391391
1128,0.6797718,0.0021358484
1129,0.9983606,0.00429609
1130,0.7571286,0.0025451856
1131,0.79361206,0.002839596
1132,0.4634606,0.001241839
1133,0.6807828,0.0020921482
1134,0.41817313,0.001127938
1135,0.9836036,0.004170531
1136,0.9977064,0.0042904345
1137,0.8630807,0.0032610935
1138,0.42111263,0.0012811661
1139,0.99999785,0.0043102438
1140,0.99614245,0.004276957
1141,0.9975073,0.004288716
1142,0.9459799,0.0038588266
1143,0.42341217,0.0014477908
1144,0.9977841,0.0042911074
1145,0.9123814,0.0036170958
1146,0.7199586,0.00251674
1147,0.99250704,0.004245699
1148,0.9997614,0.004308198
1149,0.8926025,0.0034496489
1150,0.9993024,0.004304225
1151,0.97672904,0.004112384
1152,0.42147386,0.0010778108
1153,0.7901438,0.002752657
1154,0.8921841,0.0034455238
1155,0.9999889,0.004310166
1156,0.48150307,0.0015565535
1157,0.8118244,0.0028788166
1158,0.94934845,0.003887987
1159,0.9899893,0.0042240815
1160,0.5862752,0.0019957193
1161,0.3997638,0.0014038293
1162,0.81529325,0.0029327923
1163,0.52099144,0.0020060455
1164,0.7579372,0.0026157633
1165,0.9869911,0.004198738
1166,0.8596844,0.0032229205
1167,0.46553245,0.0011370708
1168,0.9446865,0.0038575942
1169,0.81747633,0.0029377134
1170,0.35477367,0.00083378475
1171,0.6363732,0.0020443036
1172,0.378007,0.0013051173
1173,0.94103384,0.0038197795
1174,0.5548926,0.0019612103
1175,0.80333644,0.0029408135
1176,0.7237255,0.0024617119
1177,0.59918654,0.0017388412
1178,0.65305424,0.0020090078
1179,0.37474495,0.001088727
1180,0.83390737,0.0031002786
1181,0.34662154,0.0013480481
1182,0.71064585,0.002252969
1183,0.63167524,0.001912217
1184,0.999982,0.004310106
1185,0.3531013,0.00090555823
1186,0.8825759,0.0033950082
1187,0.9483309,0.0038785292
1188,0.999998,0.0043102447
1189,0.4915638,0.0019801983
1190,0.9491566,0.0038867977
1191,0.36495158,0.00094409834
1192,0.99833834,0.004295898
1193,0.5178457,0.0014293555
1194,0.74253327,0.0024614413
1195,0.41739517,0.000987327
1196,0.96309006,0.003998939
1197,0.9928611,0.0042487085
1198,0.75745326,0.0026404196
1199,0.7146382,0.002391591
1200,0.9621272,0.0039905794
1201,0.455603,0.0014976719
1202,0.9765811,0.004110646
1203,0.9972479,0.004286498
1204,0.99768806,0.004290277
1205,0.5572214,0.0016960473
1206,0.5028668,0.0013205498
1207,0.9999889,0.004310166
1208,0.8768613,0.0033646848
1209,0.9948119,0.0042655617
1210,0.9999969,0.0043102354
1211,0.5500587,0.0013975318
1212,0.96010244,0.0039776023
1213,0.9999962,0.004310229
1214,0.46473715,0.0013641191
1215,0.6444378,0.0020449634
1216,0.8687044,0.0033221312
1217,0.8253485,0.0029804155
1218,0.9202586,0.0036547976
1219,0.99999857,0.00431025
1220,0.29940444,0.0008332
1221,0.9646337,0.004014512
1222,0.19669494,0.00048051923
1223,0.35495093,0.0012116682
1224,0.6766666,0.0020666432
1225,0.80710655,0.0029332857
1226,0.9621722,0.0039904485
1227,0.9999968,0.0043102344
1228,0.87836105,0.0033587888
1229,0.799603,0.0028757958
1230,0.9975662,0.004289225
1231,0.57454544,0.0021820497
1232,0.98738307,0.004201905
1233,0.8552634,0.0032170727
1234,0.9999995,0.0043102577
1235,0.99237764,0.004244712
1236,0.9999957,0.004310225
1237,0.8293228,0.0029906235
1238,0.97052616,0.004059809
1239,0.86993486,0.0032908954
1240,0.9948443,0.0042657773
1241,0.9639922,0.0040066
1242,0.8266984,0.003015314
1243,0.9538089,0.0039217216
1244,0.916342,0.0036346086
1245,0.440613,0.0012424245
1246,0.60484064,0.0017584026
1247,0.99846184,0.0042969603
1248,0.64847934,0.002046399
1249,0.9281576,0.0037262733
1250,0.94234264,0.003828361
1251,0.6321793,0.0020918455
1252,0.96470803,0.0040121535
1253,0.8279764,0.0030090816
1254,0.9999969,0.0043102354
1255,0.93819195,0.0038051258
1256,0.87438744,0.003324933
1257,0.54008317,0.0020837195
1258,0.67494416,0.002079306
1259,0.72642976,0.0023477047
1260,0.98500454,0.0041815825
1261,0.98096883,0.0041480404
1262,0.9331654,0.003756528
1263,0.99999785,0.0043102438
1264,0.9284021,0.0037296105
1265,0.88549614,0.0033954221
1266,0.24347523,0.0006811201
1267,0.91828,0.0036466958
1268,0.6373851,0.0020086202
1269,0.37963584,0.0013698908
1270,0.7231694,0.0023731159
1271,0.7968055,0.0028837183
1272,0.99930286,0.0043042297
1273,0.8034739,0.0028423283
1274,0.88820165,0.0034287092
1275,0.64352995,0.0022622792
1276,0.99630487,0.0042783488
1277,0.9954721,0.004271215
1278,0.8405992,0.0031427138
1279,0.28777787,0.0007653845
1280,0.80902565,0.0028668884
1281,0.98847735,0.0042112535
1282,0.9984144,0.004296552
1283,0.8693234,0.0033101372
1284,0.24708806,0.00076242135
1285,0.71873295,0.0024798785
1286,0.37159774,0.0012708285
1287,0.71044147,0.002376705
1288,0.9994585,0.004305577
1289,0.5016619,0.0016365827
1290,0.46964204,0.0017897587
1291,0.37461418,0.001070044
1292,0.72172856,0.0024751856
1293,0.9753289,0.0041014184
1294,0.76654434,0.0026760437
1295,0.9248924,0.0036949355
1296,0.90317917,0.003552209
1297,0.5425546,0.0021301073
1298,0.9860007,0.0041906764
1299,0.9658452,0.0040204865
1300,0.7184818,0.0024889975
1301,0.5527334,0.0017854436
1302,0.99999774,0.0043102424
1303,0.4091789,0.0009385872
1304,0.99999547,0.004310223
1305,0.8845683,0.0034184237
1306,0.6482073,0.0022597695
1307,0.92440987,0.0036881622
1308,0.7839343,0.0027604387
1309,0.5666146,0.00188251
1310,0.42341217,0.0014477908
1311,0.98785955,0.0042062127
1312,0.98264503,0.004161819
1313,0.8339849,0.0030854875
1314,0.7548707,0.002521933
1315,0.36722004,0.0010667042
1316,0.96063447,0.003981861
1317,0.9287036,0.0037245087
1318,0.76936156,0.0027713652
1319,0.89016473,0.0034226987
1320,0.8011319,0.002927247
1321,0.56028694,0.0020197171
1322,0.91003686,0.0035887524
1323,0.9496899,0.0038907675
1324,0.8699098,0.0033087214
1325,0.9951127,0.004268091
1326,0.34285,0.0010209241
1327,0.85770893,0.0032473675
1328,0.99892056,0.004300927
1329,0.6474432,0.0018957332
1330,0.5054508,0.0013745225
1331,0.504738,0.0016200911
1332,0.37918037,0.0010524123
1333,0.99878937,0.0042997897
1334,0.99999833,0.0043102475
1335,0.6144234,0.0018208446
1336,0.6479777,0.002109149
1337,0.67572683,0.0022267702
1338,0.9728107,0.0040800446
1339,0.8913567,0.0034696604
1340,0.9985655,0.004297858
1341,0.95202184,0.003908417
1342,0.8369216,0.0030436951
1343,0.94749635,0.0038719464
1344,0.856452,0.003235341
1345,0.5220998,0.0020160733
1346,0.96453345,0.004011039
1347,0.97795504,0.0041224244
1348,0.99999774,0.0043102424
1349,0.7359026,0.0024829486
1350,0.41715544,0.0010470536
1351,0.80528647,0.0029039746
1352,0.7751857,0.002720032
1353,0.86692095,0.0032586132
1354,0.32958204,0.0010351815
1355,0.98677886,0.0041972436
1356,0.8659852,0.0032360982
1357,0.7972035,0.00277311
1358,0.9660839,0.004026222
1359,0.8509649,0.0031927521
1360,0.99736565,0.0042875023
1361,0.8330113,0.0030348732
1362,0.63168263,0.0020291512
1363,0.6348714,0.0019814696
1364,0.9976901,0.004290294
1365,0.9836038,0.0041700797
1366,0.28406873,0.0006091696
1367,0.9971608,0.004285742
1368,0.77821636,0.0028089427
1369,0.5286859,0.0015449843
1370,0.9967884,0.0042825076
1371,0.42957893,0.0011598519
1372,0.9594925,0.0039736917
1373,0.7363169,0.0024749928
1374,0.4138713,0.001513519
1375,0.69832903,0.0021754082
1376,0.9912211,0.004234697
1377,0.7389227,0.0026150409
1378,0.4617076,0.001132476
1379,0.8579978,0.0032108848
1380,0.880455,0.0033757563
1381,0.3407293,0.00093770365
1382,0.37332067,0.001085177
1383,0.4074798,0.0012867963
1384,0.9995376,0.0043062596
1385,0.47555944,0.0017088584
1386,0.76851505,0.0027208736
1387,0.33329943,0.0007333695
1388,0.9999912,0.0043101856
1389,0.7420899,0.0024400444
1390,0.87780076,0.0033544735
1391,0.99750865,0.004288741
1392,0.76797545,0.0026360145
1393,0.6479931,0.0021089215
1394,0.8879004,0.0034138318
1395,0.46466637,0.0013321004
1396,0.87072724,0.0033117554
1397,0.998963,0.0043012914
1398,0.3671394,0.0009337367
1399,0.7530613,0.0024751078
1400,0.97370285,0.0040873867
1401,0.9999995,0.0043102577
1402,0.9423818,0.0038322785
1403,0.9990551,0.004302089
1404,0.29522276,0.00070604216
1405,0.99999964,0.0043102587
1406,0.9173793,0.0036524916
1407,0.9797698,0.004138111
1408,0.5330984,0.0018531308
1409,0.7083846,0.0025106599
1410,0.39317393,0.001042575
1411,0.9841986,0.004174813
1412,0.9589531,0.003963743
1413,0.5261057,0.0019451604
1414,0.99651504,0.0042801695
1415,0.9348635,0.0037772402
1416,0.98747253,0.004202659
1417,0.8878329,0.00344578
1418,0.99663514,0.004281192
1419,0.4819813,0.0015027975
1420,0.8039662,0.002829483
1421,0.38738385,0.0009387954
1422,0.44729728,0.0013762357
1423,0.9996817,0.004307507
1424,0.99995625,0.0043098833
1425,0.7504013,0.0026343912
1426,0.8504096,0.0031562527
1427,0.7247811,0.002434156
1428,0.9999949,0.0043102177
1429,0.41765448,0.0012014877
1430,0.41431972,0.0013467845
1431,0.6842465,0.0023320965
1432,0.796352,0.0027907374
1433,0.98348886,0.0041690506
1434,0.8072738,0.0029345364
1435,0.9397177,0.0038100115
1436,0.4722044,0.0016104869
1437,0.93264043,0.0037555522
1438,0.9538435,0.0039278665
1439,0.5439064,0.0017246167
1440,0.99856013,0.0042978083
1441,0.68504864,0.002429739
1442,0.7238856,0.0025122412
1443,0.68882614,0.002171963
1444,0.9999988,0.0043102517
1445,0.40894035,0.001224024
1446,0.9429443,0.0038366886
1447,0.95380175,0.0039210813
1448,0.9996855,0.0043075397
1449,0.2368841,0.0006164127
1450,0.9996464,0.0043072016
1451,0.97002685,0.004056296
1452,0.999985,0.004310132
1453,0.9851259,0.004182943
1454,0.9860087,0.0041904636
1455,0.9654528,0.004019776
1456,0.9991479,0.0043028896
1457,0.4218235,0.0015203991
1458,0.43196887,0.0013514976
1459,0.958766,0.0039621885
1460,0.49549058,0.0014098234
1461,0.98232377,0.0041591898
1462,0.99999774,0.0043102424
1463,0.9977022,0.0042904043
1464,0.8938292,0.0034827103
1465,0.77396023,0.002763238
1466,0.9999939,0.0043102093
1467,0.5596352,0.0018269873
1468,0.9189573,0.0036432056
1469,0.833035,0.0030402285
1470,0.9444215,0.003852647
1471,0.9802151,0.004141639
1472,0.82677925,0.002970946
1473,0.8397925,0.0031109543
1474,0.6647616,0.0022437726
1475,0.92090505,0.003678294
1476,0.929615,0.003736116
1477,0.99999845,0.004310249
1478,0.6761117,0.0023260156
1479,0.9949351,0.004266596
1480,0.7804558,0.0027042453
1481,0.99237365,0.004244631
1482,0.8763014,0.0033165354
1483,0.68013567,0.002277283
1484,0.93314993,0.0037600514
1485,0.8194248,0.0029287604
1486,0.52822584,0.0013319966
1487,0.9245561,0.003692228
1488,0.7249448,0.0024940465
1489,0.471842,0.001872859
1490,0.78415954,0.0027499723
1491,0.9950676,0.004267698
1492,0.99796116,0.004292639
1493,0.67363894,0.0020570948
1494,0.9999981,0.0043102456
1495,0.99999845,0.004310249
1496,0.9861843,0.004191933
1497,0.48315546,0.0013308902
1498,0.73374593,0.0024681955
1499,0.92636883,0.003707016
1500,0.87145144,0.003315696
1501,0.49623892,0.0015834916
1502,0.73860735,0.0026329008
1503,0.28423858,0.00094418006
1504,0.43838504,0.0012922708
1505,0.82118595,0.0029930812
1506,0.99760455,0.0042895605
1507,0.48267263,0.0012240754
1508,0.49123904,0.0014513708
1509,0.4082383,0.0013620987
1510,0.9818933,0.004155298
1511,0.94744533,0.0038695026
1512,0.7927711,0.002836819
1513,0.8591657,0.0032581459
1514,0.718746,0.0024404365
1515,0.8409511,0.0030761943
1516,0.95574224,0.0039401576
1517,0.99855965,0.0042978064
1518,0.9896625,0.00422149
1519,0.64313495,0.0019954387
1520,0.5505464,0.001545182
1521,0.99999595,0.004310227
1522,0.96933115,0.0040511973
1523,0.51178384,0.0015610781
1524,0.91706747,0.0036393453
1525,0.84878916,0.0031580075
1526,0.39424372,0.0010016478
1527,0.98473907,0.0041795988
1528,0.9874955,0.0042028534
1529,0.30591783,0.0006853125
1530,0.6740878,0.0023992602
1531,0.98035526,0.0041430225
1532,0.67659867,0.002121629
1533,0.7648652,0.0026109582
1534,0.4814539,0.0012036467
1535,0.39626625,0.001319947
1536,0.9999995,0.0043102577
1537,0.99750865,0.004288741
1538,0.8182622,0.0029828586
1539,0.99999654,0.004310232
1540,0.58612484,0.001994542
1541,0.8061121,0.0028754014
1542,0.9999871,0.0043101506
1543,0.91289127,0.0036087602
1544,0.9980726,0.004293604
1545,0.8455487,0.0031276569
1546,0.5820222,0.0018085886
1547,0.9973718,0.0042875498
1548,0.96783966,0.004037853
1549,0.5262272,0.0015477762
1550,0.9661147,0.0040262183
1551,0.99995327,0.0043098573
1552,0.6831317,0.0024343096
1553,0.639431,0.002078779
1554,0.89204395,0.0034456453
1555,0.9120105,0.0036129246
1556,0.8260684,0.0030349903
1557,0.96040815,0.0039782343
1558,0.99880075,0.004299889
1559,0.8818969,0.0033585825
1560,0.9179286,0.0036362656
1561,0.58210546,0.0021079257
1562,0.91019094,0.0035846941
1563,0.8504284,0.0031824207
1564,0.9421751,0.0038377475
1565,0.93852955,0.0037973092
1566,0.5549246,0.0016655741
1567,0.5043875,0.0018249453
1568,0.85901904,0.003208697
1569,0.8473611,0.0031600758
1570,0.76456434,0.0027479357
1571,0.48897108,0.0018702791
1572,0.8623447,0.0032790701
1573,0.97998893,0.004139537
1574,0.9047288,0.0035466463
1575,0.5915112,0.0018222239
1576,0.3616902,0.001085225
1577,0.3921139,0.001272941
1578,0.97126037,0.0040679006
1579,0.8322922,0.0030709598
1580,0.8718904,0.0033125335
1581,0.4096926,0.0014541876
1582,0.9643344,0.0040121474
1583,0.75979406,0.0026092099
1584,0.56044835,0.0015534401
1585,0.96510005,0.0040165675
1586,0.9996165,0.004306943
1587,0.8674211,0.003306926
1588,0.9982343,0.0042950003
1589,0.999997,0.0043102363
1590,0.9784934,0.0041270545
1591,0.960421,0.003978103
1592,0.88353646,0.0033810334
1593,0.9062017,0.0035741266
1594,0.9999995,0.0043102577
1595,0.381468,0.0013967778
1596,0.9950852,0.0042678476
1597,0.7798387,0.0027385585
1598,0.9969465,0.0042839
1599,0.6306696,0.002147677
1600,0.5009346,0.0014743828
1601,0.9366445,0.003784225
1602,0.4030766,0.0010773842
1603,0.98304224,0.0041650482
1604,0.5816599,0.0017532369
1605,0.8331469,0.0030786893
1606,0.93759596,0.0038006464
1607,0.9018918,0.003529024
1608,0.78554004,0.0028423746
1609,0.96615314,0.004023818
1610,0.67871994,0.002203876
1611,0.757321,0.0026754923
1612,0.88849854,0.00342901
1613,0.8955793,0.0034735377
1614,0.41082293,0.0012773898
1615,0.9140799,0.003620169
1616,0.7722792,0.0027796966
1617,0.8820162,0.0033682461
1618,0.9934535,0.0042538755
1619,0.98257554,0.0041609737
1620,0.33014855,0.0009984588
1621,0.9997837,0.004308391
1622,0.9999993,0.004310256
1623,0.776882,0.0026944715
1624,0.851215,0.003181462
1625,0.77044666,0.00262647
1626,0.9636603,0.0040026926
1627,0.9367627,0.0037864519
1628,0.89552754,0.0034939775
1629,0.98634017,0.004193569
1630,0.30996275,0.0010359348
1631,0.501794,0.0013851573
1632,0.5426777,0.0016061632
1633,0.47686204,0.0014649591
1634,0.74861336,0.0024631761
1635,0.9997409,0.0043080207
1636,0.44325253,0.001109891
1637,0.87831044,0.0033629304
1638,0.966145,0.0040237675
1639,0.7102642,0.002313053
1640,0.8762401,0.003351211
1641,0.77075636,0.0026385102
1642,0.35885957,0.001036719
1643,0.8064092,0.002895894
1644,0.9513467,0.003904587
1645,0.9999975,0.0043102405
1646,0.98420274,0.004175183
1647,0.99999976,0.00431026
1648,0.9185908,0.0036443616
1649,0.94275916,0.0038327582
1650,0.99618185,0.0042772833
1651,0.7890073,0.0028043739
1652,0.9768397,0.004113332
1653,0.39783183,0.0012584571
1654,0.728362,0.0023762663
1655,0.773215,0.0027177911
1656,0.5314606,0.0014593799
1657,0.7669034,0.0027092195
1658,0.96421045,0.004007805
1659,0.94268215,0.0038405964
1660,0.47494894,0.001408731
1661,0.93210256,0.0037472078
1662,0.25141248,0.0006664833
1663,0.9999989,0.004310253
1664,0.72745365,0.0025880917
1665,0.90918994,0.0035801835
1666,0.86088586,0.0032349783
1667,0.35983577,0.0010309541
1668,0.5170213,0.0020732551
1669,0.6293174,0.0021729637
1670,0.9967152,0.0042818794
1671,0.43385485,0.0011889412
1672,0.47356606,0.0012545692
1673,0.825878,0.0030454663
1674,0.88284177,0.0033952396
1675,0.905898,0.0035705785
1676,0.8746175,0.0033517387
1677,0.6894521,0.0022875038
1678,0.44031978,0.0010785831
1679,0.7452734,0.0025375346
1680,0.99366224,0.0042556613
1681,0.79284066,0.0027394928
1682,0.8949301,0.0034946736
1683,0.97679454,0.0041130786
1684,0.9748785,0.0040960666
1685,0.7328084,0.0024658695
1686,0.6410827,0.0021802953
1687,0.65097964,0.0022400676
1688,0.9326085,0.0037575385
1689,0.96425605,0.004009238
1690,0.7095437,0.002317879
1691,0.5936601,0.0019983158
1692,0.3463005,0.001102161
1693,0.39724845,0.0011016498
1694,0.4852402,0.0016806683
1695,0.8196202,0.0029657537
1696,0.65176713,0.0020419853
1697,0.9632146,0.0040006535
1698,0.98417526,0.0041749342
1699,0.7333879,0.0024849325
1700,0.7004561,0.002481008
1701,0.9964318,0.004279455
1702,0.999998,0.0043102447
1703,0.96425605,0.004009238
1704,0.9999976,0.0043102414
1705,0.8228986,0.0029889252
1706,0.7043943,0.0022330005
1707,0.39743707,0.0013998185
1708,0.74113667,0.0025452536
1709,0.9492176,0.0038891302
1710,0.97528183,0.0040999427
1711,0.90397525,0.0035553752
1712,0.99439776,0.004261991
1713,0.9595801,0.0039704614
1714,0.8065635,0.0029463095
1715,0.38730234,0.00082009303
1716,0.6421369,0.0019359209
1717,0.74609905,0.002512909
1718,0.9452058,0.0038550715
1719,0.8790127,0.003383473
1720,0.57635176,0.0018755813
1721,0.9709523,0.0040651043
1722,0.9977342,0.0042906725
1723,0.3724125,0.00085691636
1724,0.99098516,0.0042326786
1725,0.75296265,0.0026068164
1726,0.63396984,0.002074308
1727,0.9911446,0.0042341007
1728,0.98627,0.004192921
1729,0.9998698,0.004309135
1730,0.99999666,0.004310233
1731,0.26040912,0.0006370244
1732,0.9994875,0.004305828
1733,0.9736477,0.0040859166
1734,0.535578,0.0014935316
1735,0.22701749,0.00071621116
1736,0.923971,0.0037011416
1737,0.77167267,0.0027783248
1738,0.94618934,0.0038598697
1739,0.79635566,0.0028460096
1740,0.39103857,0.0012499662
1741,0.8423297,0.0031231854
1742,0.9990275,0.0043018474
1743,0.9999343,0.0043096934
1744,0.833297,0.0030216973
1745,0.9922348,0.004243375
1746,0.9767362,0.004112688
1747,0.9933108,0.004252713
1748,0.98601794,0.004190833
1749,0.9526132,0.003913474
1750,0.55933154,0.0018438281
1751,0.99897146,0.004301364
1752,0.98782533,0.004205682
1753,0.95512253,0.0039388626
1754,0.5037353,0.0017164139
1755,0.85646117,0.0031873703
1756,0.84240925,0.0031360164
1757,0.9079773,0.0035837574
1758,0.35506433,0.0012012258
1759,0.3247512,0.0008515992
1760,0.75585175,0.0024867675
1761,0.99997747,0.0043100673
1762,0.67598647,0.0020484515
1763,0.82545483,0.002983815
1764,0.39447787,0.0010117169
1765,0.9999696,0.004309999
1766,0.9855958,0.004186585
1767,0.73967814,0.0025151325
1768,0.32402486,0.0008945425
1769,0.929793,0.0037426762
1770,0.9359665,0.0037879029
1771,0.8856372,0.0034072523
1772,0.47482604,0.0014576538
1773,0.99788046,0.0042919456
1774,0.66781425,0.0021555463
1775,0.998757,0.004299509
1776,0.9414048,0.00382113
1777,0.93852955,0.0037973092
1778,0.76859677,0.0026046229
1779,0.8309313,0.0030395435
1780,0.7582052,0.002694037
1781,0.9902021,0.0042261113
1782,0.3305858,0.0010292459
1783,0.9970325,0.004284625
1784,0.5048233,0.0019169938
1785,0.98080796,0.004146696
1786,0.8508793,0.0031612082
1787,0.8995536,0.0035205155
1788,0.4113222,0.0012840622
1789,0.989174,0.004217264
1790,0.83191216,0.0030212936
1791,0.6175554,0.0019550342
1792,0.6687314,0.0020760342
1793,0.9930506,0.0042503793
1794,0.4085167,0.0012252762
1795,0.9088499,0.0035774151
1796,0.6613967,0.0020177523
1797,0.6458654,0.0023062048
1798,0.95119095,0.0039025897
1799,0.999998,0.0043102447
1800,0.98488563,0.004180888
1801,0.7779445,0.0027223884
1802,0.9956422,0.004272676
1803,0.7336514,0.0024675035
1804,0.99163985,0.004238239
1805,0.4347042,0.0012156247
1806,0.9803396,0.004142171
1807,0.9441742,0.003843371
1808,0.81254655,0.0029820695
1809,0.89475125,0.0034716362
1810,0.96564627,0.004021028
1811,0.9017903,0.0035141183
1812,0.9999825,0.0043101106
1813,0.94640195,0.0038655044
1814,0.86886525,0.0032857948
1815,0.8446552,0.003102424
1816,0.8487161,0.003157565
1817,0.99338394,0.0042533386
1818,0.9347412,0.0037799121
1819,0.894923,0.0034787962
1820,0.8140973,0.0029940202
1821,0.89026344,0.003434372
1822,0.89805865,0.003490033
1823,0.41712445,0.0013584923
1824,0.87943363,0.003391923
1825,0.97461075,0.0040947767
1826,0.999998,0.0043102447
1827,0.5277006,0.0020800119
1828,0.48457232,0.0014643669
1829,0.44099718,0.0014196243
1830,0.6849949,0.0022519964
1831,0.7185703,0.0024064223
1832,0.9850337,0.004181849
1833,0.6830107,0.0021645853
1834,0.9525524,0.00391391
1835,0.7166283,0.0023656222
1836,0.97680205,0.0041127354
1837,0.5809301,0.0018475404
1838,0.99997747,0.004310067
1839,0.8839383,0.0034178004
1840,0.95228434,0.0039132684
1841,0.7302814,0.0023719447
1842,0.8388014,0.0031042078
1843,0.9453472,0.0038542352
1844,0.7289445,0.0025366312
1845,0.84516835,0.0031251605
1846,0.4859784,0.001213977
1847,0.8578932,0.0031919894
1848,0.86446226,0.003289614
1849,0.8908439,0.003452147
1850,0.45053062,0.0015088655
1851,0.31300646,0.00061482383
1852,0.7057178,0.0024477502
1853,0.41107708,0.0010479086
1854,0.9297529,0.0037324922
1855,0.9238316,0.0036814492
1856,0.49138048,0.0017781198
1857,0.677874,0.00213079
1858,0.3119923,0.0007019264
1859,0.9117387,0.0035996272
1860,0.9720553,0.0040729865
1861,0.9111738,0.0035815148
1862,0.77326226,0.0027447825
1863,0.89628524,0.003470579
1864,0.5529445,0.0015525315
1865,0.8317477,0.0030008254
1866,0.6254854,0.002178641
1867,0.997897,0.004292084
1868,0.97299135,0.0040804246
1869,0.32629177,0.0010600798
1870,0.959478,0.003970564
1871,0.71411663,0.0024995818
1872,0.51151687,0.0018362023
1873,0.58502257,0.0016203478
1874,0.9973016,0.0042869463
1875,0.44306508,0.0013539848
1876,0.9923275,0.00424427
1877,0.90726405,0.003560799
1878,0.91142195,0.0035860592
1879,0.78722763,0.0028387958
1880,0.88792306,0.0034360108
1881,0.8134157,0.0029569953
1882,0.9999938,0.0043102084
1883,0.94325244,0.0038385163
1884,0.9993542,0.0043046735
1885,0.6424364,0.0020025037
1886,0.7708115,0.0027493853
1887,0.70461786,0.0023425727
1888,0.4844543,0.0015308578
1889,0.8345086,0.0030938194
1890,0.39953265,0.0014849228
1891,0.54401654,0.0021097509
1892,0.96718127,0.004033034
1893,0.9999951,0.0043102195
1894,0.7254103,0.002373653
1895,0.9889348,0.0042152745
1896,0.39553076,0.001372922
1897,0.85736996,0.0032036172
1898,0.98930067,0.0042184195
1899,0.5146992,0.0016832614
1900,0.86949307,0.0032801775
1901,0.99999464,0.0043102154
1902,0.7569854,0.002691759
1903,0.9238498,0.003687972
1904,0.36082995,0.0010190938
1905,0.799603,0.0028757958
1906,0.27542034,0.000686471
1907,0.6590788,0.0019296779
1908,0.8489208,0.0031721552
1909,0.7690956,0.0026656492
1910,0.91697353,0.0036291997
1911,0.97018933,0.0040572123
1912,0.79361343,0.0027925044
1913,0.8541032,0.0032068186
1914,0.84852594,0.0031494636
1915,0.664476,0.0019909113
1916,0.52764004,0.0015633856
1917,0.7638558,0.0027028606
1918,0.97788805,0.004122303
1919,0.68671703,0.002383191
1920,0.99761033,0.0042895996
1921,0.52242464,0.0019260531
1922,0.8656705,0.0032756843
1923,0.86477435,0.0032570611
1924,0.4579132,0.0015166729
1925,0.75758004,0.0025752995
1926,0.99999726,0.0043102386
1927,0.40838036,0.0014520657
1928,0.46380195,0.0015037758
1929,0.6687106,0.0020490005
1930,0.7532,0.0026834481
1931,0.810597,0.0028846909
1932,0.8679317,0.0032663192
1933,0.5204571,0.0018820118
1934,0.3601943,0.0008680216
1935,0.59922683,0.0018950796
1936,0.9749535,0.0040974338
1937,0.99997365,0.0043100337
1938,0.59044015,0.0016709075
1939,0.5152657,0.0015406824
1940,0.28579536,0.0008121427
1941,0.99975044,0.0043081017
1942,0.44169062,0.0012955351
1943,0.7681488,0.002687255
1944,0.3903705,0.001267283
1945,0.5440728,0.0018097287
1946,0.81294894,0.002946584
1947,0.9246546,0.0036981774
1948,0.33952907,0.0010596239
1949,0.792914,0.0028874464
1950,0.36397,0.0013628716
1951,0.81683284,0.0029683432
1952,0.6634746,0.0023007775
1953,0.9999932,0.0043102033
1954,0.99941754,0.0043052225
1955,0.9983398,0.0042959102
1956,0.9791069,0.00413305
1957,0.9995235,0.0043061394
1958,0.9753179,0.004101224
1959,0.9951762,0.004268669
1960,0.93033093,0.0037373619
1961,0.81039566,0.0029702738
1962,0.99999917,0.004310255
1963,0.6134547,0.00205093
1964,0.70804065,0.0022431952
1965,0.4033453,0.0014799804
1966,0.2980553,0.0008266477
1967,0.30954662,0.00093558355
1968,0.38987586,0.0012598156
1969,0.8705117,0.0033235452
1970,0.9999926,0.004310198
1971,0.82546985,0.0030432055
1972,0.9999989,0.004310253
1973,0.98099315,0.0041476553
1974,0.70981073,0.0022669116
1975,0.99999857,0.00431025
1976,0.9454051,0.0038605435
1977,0.6456621,0.0019608722
1978,0.4954753,0.0017296243
1979,0.9999945,0.0043102144
1980,0.7191662,0.0024410381
1981,0.41732508,0.0014278508
1982,0.7717165,0.0025974563
1983,0.53700435,0.001786823
1984,0.9979596,0.004292629
1985,0.50737625,0.0015565207
1986,0.7043943,0.0022330005
1987,0.86850387,0.0032841275
1988,0.47640815,0.0011888302
1989,0.788919,0.0027492181
1990,0.9662094,0.004026056
1991,0.6425337,0.0021836313
1992,0.8926602,0.0034697352
1993,0.71056145,0.0024046835
1994,0.48374262,0.0013324367
1995,0.99629116,0.004278245
1996,0.3791234,0.0010003473
1997,0.8340561,0.003019409
1998,0.9792605,0.0041335174
1999,0.999395,0.004305028
2000,0.71595913,0.0024967964
2001,0.4286767,0.0014413726
2002,0.5805011,0.0018746514
2003,0.679018,0.0022745926
2004,0.7603745,0.002654071
2005,0.36819783,0.0011117305
2006,0.997378,0.004287607
2007,0.9956422,0.004272676
2008,0.382689,0.000930439
2009,0.99552804,0.0042716595
2010,0.5426957,0.0019320307
2011,0.9738002,0.004087017
2012,0.8818757,0.0033998908
2013,0.7470472,0.0025705032
2014,0.9969465,0.004283872
2015,0.7927501,0.002844704
2016,0.8712485,0.0033044084
2017,0.8528882,0.003195458
2018,0.6469304,0.0019735403
2019,0.9565939,0.0039437106
2020,0.9984755,0.004297081
2021,0.9635598,0.004003504
2022,0.8886429,0.0034513015
2023,0.9050715,0.003546273
2024,0.99998987,0.0043101744
2025,0.9678454,0.0040379777
2026,0.99999106,0.0043101846
2027,0.9995241,0.004306144
2028,0.48136824,0.0018385353
2029,0.9529939,0.003915756
2030,0.8603538,0.0032011557
2031,0.50564474,0.0021014942
2032,0.53923845,0.0017827981
2033,0.49080992,0.0014736018
2034,0.9571809,0.0039549847
2035,0.32230097,0.00065739267
2036,0.8340763,0.003087392
2037,0.6530315,0.0019641414
2038,0.90118706,0.0035052348
2039,0.9999584,0.0043099015
2040,0.98657435,0.004195227
2041,0.9972133,0.004286179
2042,0.7665873,0.0026435708
2043,0.68823546,0.0021804962
2044,0.6696104,0.0020461248
2045,0.9999989,0.004310253
2046,0.9325761,0.0037540335
2047,0.91772306,0.0036336328
2048,0.8329103,0.003031135
2049,0.7709564,0.002643628
2050,0.9999995,0.0043102577
2051,0.885514,0.0033879236
2052,0.7057178,0.0024477502
2053,0.6855517,0.002224006
2054,0.99286425,0.0042488473
2055,0.72236866,0.002405455
2056,0.9205362,0.0036568632
2057,0.8353645,0.0030501012
2058,0.9684939,0.0040457244
2059,0.9961784,0.0042772684
2060,0.8579978,0.0032108848
2061,0.8075812,0.0029457468
2062,0.47394758,0.0016345582
2063,0.4906651,0.0018769286
2064,0.9942755,0.004260875
2065,0.99841535,0.0042965584
2066,0.9999995,0.0043102577
2067,0.95137453,0.003906802
2068,0.62548095,0.0018138199
2069,0.9341934,0.0037635323
2070,0.9999969,0.0043102354
2071,0.90008646,0.0035176326
2072,0.99999905,0.004310254
2073,0.4550003,0.001376751
2074,0.99142075,0.004236508
2075,0.9813633,0.004151054
2076,0.8457001,0.003155715
2077,0.6078255,0.0019204268
2078,0.32121524,0.0010053173
2079,0.96344084,0.0040012626
2080,0.7369536,0.0026292272
2081,0.9619171,0.003992879
2082,0.9504666,0.0038999112
2083,0.6821927,0.0022005385
2084,0.999997,0.0043102363
2085,0.8817079,0.0033870568
2086,0.9954932,0.0042713513
2087,0.6520644,0.0020621729
2088,0.7645992,0.0025604337
2089,0.70280457,0.002368636
2090,0.27659708,0.00081349607
2091,0.5664378,0.0015918262
2092,0.47076386,0.0013153863
2093,0.5813131,0.001703926
2094,0.45134646,0.0013697327
2095,0.52999455,0.001682823
2096,0.9737681,0.004087524
2097,0.96510005,0.0040165675
2098,0.8475039,0.003169302
2099,0.5259699,0.0013737106
2100,0.7107574,0.0023805348
2101,0.8594604,0.003214295
2102,0.58530843,0.0021781325
2103,0.9704011,0.0040588304
2104,0.9971173,0.0042853504
2105,0.81349045,0.0029831913
2106,0.9565799,0.003944465
2107,0.9999989,0.004310253
2108,0.988399,0.004210667
2109,0.48188555,0.0013934611
2110,0.9988236,0.0043000844
2111,0.40984675,0.0013085173
2112,0.97895193,0.004131283
2113,0.55018085,0.0016406979
2114,0.49228868,0.0013082959
2115,0.72488314,0.0024665913
2116,0.48392692,0.0015852615
2117,0.8244819,0.0030559904
2118,0.82938415,0.0029910721
2119,0.49248332,0.0012626062
2120,0.8518068,0.0031997673
2121,0.7696601,0.0026509834
2122,0.99999845,0.004310249
2123,0.9953324,0.0042700204
2124,0.776942,0.0026440565
2125,0.41091317,0.0012962272
2126,0.39364567,0.0009892889
2127,0.8544225,0.0032030018
2128,0.880687,0.003384214
2129,0.7505411,0.0024693587
2130,0.9446285,0.003851194
2131,0.8009211,0.002835367
2132,0.9349574,0.0037686182
2133,0.71095765,0.002283694
2134,0.57692415,0.0017828665
2135,0.98464096,0.004178597
2136,0.92505515,0.0036970808
2137,0.62418944,0.0021328507
2138,0.97701854,0.0041150674
2139,0.95550406,0.003935554
2140,0.28114855,0.00067331915
2141,0.9083389,0.0035691091
2142,0.99998426,0.004310126
2143,0.8918144,0.0034510228
2144,0.9780864,0.004123948
2145,0.91053474,0.0035941624
2146,0.41011107,0.001465906
2147,0.830453,0.0030903674
2148,0.66465354,0.0021205444
2149,0.3487445,0.0012302414
2150,0.6586097,0.0021416699
2151,0.9995865,0.0043066842
2152,0.8890098,0.003415763
2153,0.54869276,0.0016498441
2154,0.6174711,0.002185008
2155,0.96966064,0.004052781
2156,0.9722368,0.004076219
2157,0.833496,0.00304471
2158,0.41655698,0.0014333094
2159,0.56694925,0.0017935775
2160,0.68097544,0.0021854404
2161,0.8141832,0.0029017976
2162,0.6648675,0.002110151
2163,0.7733602,0.0026713498
2164,0.54788244,0.0014573567
2165,0.9987294,0.00429927
2166,0.95924366,0.003968693
2167,0.70399076,0.0024939203
2168,0.94264644,0.0038364108
2169,0.62362105,0.0019341015
2170,0.95871747,0.0039632195
2171,0.9614835,0.003984956
2172,0.6323452,0.0020984148
2173,0.9995369,0.004306254
2174,0.9152823,0.0036380377
2175,0.59497136,0.0016853856
2176,0.8723418,0.0033321136
2177,0.7661256,0.002572704
2178,0.54089546,0.0020365776
2179,0.9441101,0.003842646
2180,0.98440915,0.004176906
2181,0.9986533,0.004298615
2182,0.501406,0.0016525149
2183,0.33959886,0.0011386075
2184,0.9998684,0.004309123
2185,0.8793309,0.003381739
2186,0.3848067,0.0012536307
2187,0.9999988,0.0043102517
2188,0.98612136,0.004191703
2189,0.74438846,0.002557202
2190,0.54874665,0.0016522494
2191,0.86533576,0.0032877594
2192,0.9776977,0.0041203294
2193,0.8902813,0.0034361738
2194,0.7307461,0.0024830932
2195,0.53562856,0.0015457146
2196,0.36936304,0.0012560472
2197,0.9980268,0.0042932066
2198,0.7741227,0.0026693246
2199,0.9105876,0.003580737
2200,0.58107436,0.0017556432
2201,0.9702102,0.0040588444
2202,0.7500544,0.00254572
2203,0.84369737,0.003111228
2204,0.9920232,0.0042415136
2205,0.42259488,0.0014854128
2206,0.3557074,0.00123848
2207,0.84272903,0.0031299908
2208,0.8804038,0.0033473473
2209,0.8385678,0.003101276
2210,0.75225925,0.0026497005
2211,0.47783047,0.0013456141
2212,0.99046296,0.0042282147
2213,0.5660513,0.0015903524
2214,0.31843105,0.000723727
2215,0.58530843,0.0021781325
2216,0.50833076,0.0013263742
2217,0.66660446,0.0021407264
2218,0.8135571,0.0028882127
2219,0.78618306,0.0027300024
2220,0.9655263,0.004019827
2221,0.9992094,0.0043034228
2222,0.8908554,0.0034670332
2223,0.91729635,0.0036309522
2224,0.3749138,0.0009918712
2225,0.2847495,0.0009616466
2226,0.9962929,0.00427824
2227,0.80973697,0.0029679202
2228,0.6127089,0.0018616967
2229,0.39186904,0.0013867855
2230,0.7272995,0.002436042
2231,0.9662199,0.00402529
2232,0.71865296,0.0024392186
2233,0.9421995,0.0038378495
2234,0.7515591,0.0025781845
2235,0.99110997,0.004233689
2236,0.35271668,0.0012168206
2237,0.47146887,0.0016613988
2238,0.6163686,0.0019899923
2239,0.62593096,0.002274454
2240,0.43817335,0.0015228174
2241,0.6837455,0.0022774502
2242,0.9981194,0.0042939982
2243,0.5284529,0.0021030374
2244,0.907908,0.003559968
2245,0.49924815,0.0021204273
2246,0.65185213,0.0023229755
2247,0.5360226,0.001635361
2248,0.64927185,0.0019067578
2249,0.99999785,0.0043102438
2250,0.674475,0.0023569767
2251,0.7127885,0.0023731962
2252,0.97287107,0.0040800185
2253,0.71660006,0.002346165
2254,0.9998165,0.004308674
2255,0.9761377,0.004107489
2256,0.99999785,0.0043102438
2257,0.8956562,0.0034731703
2258,0.49258047,0.0019263029
2259,0.980856,0.0041463105
2260,0.58768463,0.0020468503
2261,0.9662379,0.004027073
2262,0.99890554,0.0043007964
2263,0.9999963,0.0043102303
2264,0.94950396,0.0038901821
2265,0.411202,0.0011232988
2266,0.90479416,0.0035551493
2267,0.9769225,0.004113851
2268,0.3700136,0.0009971703
2269,0.66386634,0.0022752325
2270,0.43155757,0.0013187851
2271,0.35807985,0.00094042043
2272,0.96874344,0.004046632
2273,0.74905854,0.0026588575
2274,0.6060401,0.0017772748
2275,0.99998426,0.004310126
2276,0.98606783,0.004191
2277,0.99971575,0.0043078023
2278,0.9950407,0.0042675077
2279,0.9317373,0.0037439137
2280,0.4060651,0.0013686754
2281,0.56978893,0.0016356925
2282,0.3615293,0.00086194405
2283,0.8872179,0.0034166595
2284,0.7933407,0.0028621687
2285,0.9873281,0.0042014485
2286,0.61732453,0.0019570603
2287,0.764289,0.0026124017
2288,0.94736296,0.003874878
2289,0.7106983,0.002273181
2290,0.99860233,0.004298177
2291,0.4271482,0.0014167918
2292,0.6813039,0.0021452506
2293,0.9366215,0.003795301
2294,0.39003748,0.00099168
2295,0.932265,0.003762783
2296,0.9895712,0.0042206882
2297,0.9986602,0.0042986763
2298,0.89801246,0.0034857115
2299,0.29298133,0.0009241691
2300,0.9636625,0.0040031783
2301,0.99834025,0.004295914
2302,0.98285586,0.0041635865
2303,0.82440144,0.0030133775
2304,0.9485131,0.0038796489
2305,0.74081963,0.0024966206
2306,0.97624093,0.0041079824
2307,0.6788378,0.0021958929
2308,0.79529315,0.00289613
2309,0.36197755,0.00089633826
2310,0.5963975,0.0018608471
2311,0.75065976,0.0025480383
2312,0.96449053,0.004012387
2313,0.9998628,0.004309074
2314,0.5957217,0.0019981884
2315,0.98285025,0.004163564
2316,0.7611048,0.002643721
2317,0.9884089,0.0042106817
2318,0.3348184,0.0008210542
2319,0.87270397,0.0033348545
2320,0.59546727,0.0020956346
2321,0.7791288,0.0026795098
2322,0.8650782,0.0032917976
2323,0.6137063,0.0019105175
2324,0.4016376,0.0013652972
2325,0.995433,0.004270875
2326,0.8957053,0.0034808065
2327,0.37923676,0.0014146331
2328,0.99998474,0.00431013
2329,0.4947283,0.0015836327
2330,0.5178085,0.0014681104
2331,0.7192507,0.0023950504
2332,0.9374573,0.003797918
2333,0.73736334,0.002432713
2334,0.40731916,0.0014979924
2335,0.9807709,0.004145777
2336,0.9999969,0.0043102354
2337,0.8183602,0.002907971
2338,0.82073075,0.0029509559
2339,0.9967873,0.0042825267
2340,0.581646,0.0021739772
2341,0.9649445,0.004015642
2342,0.9965857,0.0042807637
2343,0.79475355,0.0028409543
2344,0.9999969,0.0043102354
2345,0.65327543,0.0023296557
2346,0.7822655,0.0026920852
2347,0.82405597,0.0029835934
2348,0.6368759,0.0020441066
2349,0.63514084,0.0018097791
2350,0.5488762,0.0020162966
2351,0.60348976,0.0020974765
2352,0.60855806,0.002180505
2353,0.71171457,0.0024030046
2354,0.88943183,0.0034342522
2355,0.9999968,0.004310234
2356,0.9986492,0.0042985813
2357,0.35359052,0.0010313393
2358,0.9900007,0.0042244154
2359,0.98237014,0.004159711
2360,0.93441075,0.0037681488
2361,0.49884373,0.0014115954
2362,0.24887918,0.0008175088
2363,0.5509243,0.001539979
2364,0.96222246,0.0039953827
2365,0.9862248,0.00419208
2366,0.9894386,0.0042194505
2367,0.9775763,0.0041204146
2368,0.71395665,0.002292694
2369,0.6150367,0.0017619255
2370,0.92218137,0.003676932
2371,0.85593283,0.0031972947
2372,0.8213883,0.002953547
2373,0.5327507,0.0016035386
2374,0.49220976,0.0016538103
2375,0.9962515,0.0042778794
2376,0.49817225,0.00123278
2377,0.3910568,0.0011514869
2378,0.9209911,0.003659559
2379,0.7153302,0.002264019
2380,0.3808808,0.0012443479
2381,0.6952183,0.0023279192
2382,0.56714064,0.0019806782
2383,0.7246871,0.0023600496
2384,0.8919925,0.003445161
2385,0.9648009,0.00401367
2386,0.3354888,0.0008354955
2387,0.82450014,0.0030566403
2388,0.8197879,0.0029701297
2389,0.99354196,0.004254568
2390,0.3935108,0.0010404582
2391,0.92034554,0.0036636898
2392,0.79489034,0.0028471607
2393,0.9739925,0.0040889434
2394,0.69802886,0.0022176895
2395,0.88231415,0.0033743891
2396,0.57540506,0.0021830935
2397,0.9968604,0.0042831437
2398,0.9857708,0.004188119
2399,0.24905959,0.0006450976
2400,0.8230786,0.0029424466
2401,0.9985435,0.004297668
2402,0.9999963,0.00431023
2403,0.35414514,0.00079864793
2404,0.9974011,0.0042878115
2405,0.95805794,0.003957042
2406,0.7526071,0.0026807818
2407,0.9993019,0.0043042223
2408,0.9436736,0.0038415669
2409,0.999984,0.0043101236
2410,0.8499045,0.0031585312
2411,0.97106737,0.0040660696
2412,0.8317848,0.0030267236
2413,0.43616354,0.0010339055
2414,0.49978587,0.0013494897
2415,0.23725204,0.00061611057
2416,0.5078147,0.0018605259
2417,0.7657429,0.0026768728
2418,0.5987659,0.0016758523
2419,0.8170405,0.003004081
2420,0.9338172,0.0037610803
2421,0.9853307,0.0041844617
2422,0.98193663,0.0041565048
2423,0.7309769,0.0024410433
2424,0.8216303,0.002948342
2425,0.86978424,0.003276834
2426,0.9910641,0.0042333896
2427,0.41639376,0.0014784171
2428,0.68796766,0.002166576
2429,0.6595578,0.0020293382
2430,0.77257365,0.0027828028
2431,0.4409162,0.0015449681
2432,0.8829817,0.0033942175
2433,0.98230743,0.0041597188
2434,0.6931458,0.0024010045
2435,0.8093655,0.0028627259
2436,0.5614019,0.0018684281
2437,0.8923631,0.0034376383
2438,0.561591,0.0016704069
2439,0.8210107,0.0030255886
2440,0.55202234,0.0020624711
2441,0.89133525,0.003452546
2442,0.8792639,0.0033684955
2443,0.6579893,0.0022653285
2444,0.6831916,0.0021835116
2445,0.9999987,0.0043102507
2446,0.913772,0.0036193004
2447,0.54967564,0.0021134354
2448,0.94665915,0.0038637246
2449,0.9976547,0.00429
2450,0.7749219,0.0026610515
2451,0.5549246,0.0016655741
2452,0.7158937,0.0023358422
2453,0.70894355,0.0023124886
2454,0.9999988,0.0043102517
2455,0.8036761,0.0028544324
2456,0.9799816,0.0041392255
2457,0.9669029,0.004030333
2458,0.61912614,0.0020539542
2459,0.39194152,0.00088794605
2460,0.65067047,0.0022390648
2461,0.57648915,0.0017084337
2462,0.99999964,0.0043102587
2463,0.41253382,0.0012331136
2464,0.99999857,0.00431025
2465,0.98299605,0.0041648378
2466,0.6031958,0.0018122733
2467,0.6755291,0.0021631306
2468,0.8663462,0.0032848986
2469,0.88950646,0.0034188048
2470,0.46193585,0.0017330347
2471,0.96483105,0.004012486
2472,0.34628725,0.0011462213
2473,0.3866078,0.0013415033
2474,0.74498934,0.0024714775
2475,0.99367225,0.0042556813
2476,0.9943136,0.004261211
2477,0.5216797,0.0020769902
2478,0.99999774,0.0043102424
2479,0.9902469,0.0042264382
2480,0.6471648,0.0020270983
2481,0.6938563,0.0024499209
2482,0.6289685,0.0022581653
2483,0.7979544,0.0028828837
2484,0.68773293,0.0022178062
2485,0.4923227,0.0016928056
2486,0.99190253,0.004240572
2487,0.84025073,0.003096085
2488,0.5184803,0.0013708916
2489,0.97858083,0.0041274545
2490,0.87284064,0.0033461372
2491,0.8413508,0.003141548
2492,0.37282574,0.0008663055
2493,0.4458436,0.0015306099
2494,0.8541305,0.0032194685
2495,0.98471975,0.004179188
2496,0.6038434,0.0019805734
2497,0.75971395,0.0026827855
2498,0.943615,0.0038477972
2499,0.7112255,0.0023596473
2500,0.66569,0.0021960395
2501,0.9956256,0.004272512
2502,0.99997973,0.0043100864
2503,0.98429835,0.0041759433
2504,0.94414836,0.0038534508
2505,0.87219757,0.003345009
2506,0.73115814,0.00234861
2507,0.8805852,0.0033781251
2508,0.9985435,0.004297668
2509,0.79159266,0.0027543253
2510,0.31727284,0.0009441443
2511,0.9642478,0.0040089865
2512,0.56299007,0.0019367479
2513,0.99999964,0.0043102587
2514,0.9916298,0.0042381343
2515,0.39458779,0.0009888035
2516,0.844606,0.0031505476
2517,0.93379384,0.0037648906
2518,0.720244,0.002563912
2519,0.97019345,0.0040572975
2520,0.56421304,0.001746287
2521,0.9995408,0.004306289
2522,0.88808703,0.0034296026
2523,0.7438377,0.002490563
2524,0.99999833,0.0043102475
2525,0.9641925,0.0040097097
2526,0.85543364,0.0031656884
2527,0.5039137,0.0014909045
2528,0.8116909,0.0029371977
2529,0.45952058,0.0014582629
2530,0.9876095,0.004204123
2531,0.5526997,0.0020202429
2532,0.9659634,0.004021536
2533,0.7932148,0.0027560159
2534,0.9985642,0.004297847
2535,0.7537949,0.0024738638
2536,0.56467193,0.001946615
2537,0.6593828,0.002322069
2538,0.3682988,0.0012290931
2539,0.9987999,0.004299883
2540,0.98481685,0.0041805734
2541,0.99217844,0.0042428565
2542,0.7034099,0.0024619445
2543,0.98127854,0.0041508265
2544,0.9694881,0.0040527945
2545,0.9674352,0.0040337294
2546,0.9885971,0.004212535
2547,0.91828,0.0036466958
2548,0.5103334,0.0020863288
2549,0.91824955,0.0036479183
2550,0.94085526,0.0038193732
2551,0.98286635,0.0041639055
2552,0.99883157,0.0043001547
2553,0.62415,0.0018650137
2554,0.9755433,0.004102206
2555,0.4871999,0.00154864
2556,0.96910113,0.0040498734
2557,0.46465957,0.0012348775
2558,0.7646274,0.0025564174
2559,0.9941052,0.0042594234
2560,0.64862233,0.0020862003
2561,0.97927594,0.0041340785
2562,0.58260286,0.0021659634
2563,0.99846494,0.004296988
2564,0.75174147,0.002667951
2565,0.6227482,0.0021624619
2566,0.6913758,0.0024229423
2567,0.7341186,0.0025162864
2568,0.7942935,0.0028213211
2569,0.9995666,0.004306513
2570,0.7298505,0.0024818017
2571,0.47546366,0.0014669313
2572,0.98832685,0.0042103096
2573,0.9988759,0.004300539
2574,0.41914412,0.0012481774
2575,0.5898742,0.0020870576
2576,0.696305,0.0024356889
2577,0.40666503,0.0010871866
2578,0.85630006,0.0032264118
2579,0.2535226,0.00051345746
2580,0.899288,0.003525341
2581,0.43840143,0.0014771906
2582,0.76330656,0.0025764802
2583,0.8811378,0.0033809445
2584,0.9773053,0.004118146
2585,0.97361666,0.004086992
2586,0.8094557,0.0028777518
2587,0.45324138,0.0012507488
2588,0.43663162,0.001022852
2589,0.929072,0.003727569
2590,0.5354069,0.0020993997
2591,0.9580743,0.0039573773
2592,0.9954721,0.004271215
2593,0.6285164,0.0019369661
2594,0.66509193,0.0021372861
2595,0.86846405,0.0033177123
2596,0.6107162,0.0017397364
2597,0.9823918,0.004159923
2598,0.39451182,0.0014902797
2599,0.4645734,0.0015294503
2600,0.38638583,0.00097349397
2601,0.5466095,0.0016507434
2602,0.9603566,0.0039769486
2603,0.48888245,0.0014516691
2604,0.998803,0.0042999075
2605,0.7344863,0.002580205
2606,0.68506986,0.0023255213
2607,0.7428174,0.00261591
2608,0.9933246,0.0042527113
2609,0.74675125,0.0025454732
2610,0.9424569,0.003830572
2611,0.98318577,0.0041665914
2612,0.583202,0.0016095794
2613,0.32769766,0.00083963206
2614,0.94772553,0.0038714109
2615,0.7226542,0.0023890892
2616,0.9115507,0.0036090745
2617,0.8697097,0.0032842325
2618,0.9414397,0.0038299628
2619,0.45007223,0.0016884509
2620,0.99145526,0.0042367233
2621,0.9005099,0.0035084416
2622,0.47435144,0.0014274337
2623,0.99720216,0.0042860885
2624,0.5120212,0.0015732398
2625,0.38654387,0.00092961837
2626,0.6158535,0.001966599
2627,0.9152849,0.0036276227
2628,0.9987999,0.004299883
2629,0.9255618,0.0036968603
2630,0.9716328,0.004069138
2631,0.5780658,0.0016020389
2632,0.43680093,0.0013195267
2633,0.66177905,0.0020214345
2634,0.7683121,0.0026970562
2635,0.8652502,0.0032521507
2636,0.8383106,0.0031209232
2637,0.6832013,0.002079388
2638,0.4011566,0.0014488735
2639,0.9737409,0.004086902
2640,0.6465965,0.0019479359
