,mel,afi,d4r,bea,cas,nsc,d6r,mfi,bik,mtt,ddr,mwf,sod,fer,pcr,bog,mor,cha,lta,imf,dzc,can,non,pau,mei,sti,mtn,jbw,stf,aft,bre,lau,gis,ast,nat,ton,dsc,afs,mtw,gme,doh,rth,d8r,ats,abw,dcc,lev,rut,atn,ltl,bph,clo,lov,mso,dnc,rte,phi,d3r,afy,vsv,los,aww,eab,ave
mel,1.0000000000000004,0.08158176953409237,0.9958607583260805,0.9999992250838567,0.9999999627612006,0.05801275775749765,0.8566037980853068,0.9999993529414922,0.9999998953405738,0.9999996964892858,0.9999965486719463,0.9999097304860144,0.8212747843625071,0.9998267347713387,0.9983160968949426,0.06280945361295469,0.999999745636409,0.8326153153718427,0.7418553802643841,0.9998083168428846,0.49984711081670585,0.08426511947073623,0.999989386724386,0.999557646524102,0.04708769941982861,0.4101541416187214,0.9999939857732929,0.9999999187751631,0.9999963299696186,0.0002648256811707836,0.9999988313594077,0.9822174367885163,0.23994716243504646,0.9632352077362312,0.2097471935842178,0.9999993582026608,0.9317654647974212,0.9689549353924112,0.9999990199591935,0.5111699839748567,0.9998981341824795,0.9999980516853297,0.9441042465758251,0.5483641155044033,0.06099797329637211,0.33467413003079655,0.7042455035024487,0.9999996463334474,7.753405292188306e-06,0.9990813940077227,0.00218742504182414,0.3067536207709859,0.9997508858791115,0.02229582572196162,3.9488265979714353e-05,0.9999964781362737,0.9740766589283987,0.9999915951667043,4.443382038791204e-05,0.9998457174971422,0.009039551235242221,9.91144186578644e-06,0.05424570942444638,9.804190494771231e-05
afi,0.08158176953409237,0.9999999999999999,0.17162196286394632,0.0815761163452353,0.08157877684195283,0.9997201546026429,0.5836115367048615,0.081596164615164,0.0815706012421768,0.08157454555363335,0.0815634232755576,0.08158727058797349,0.6286095260815908,0.0816051158770188,0.08157519294992256,0.9987723815846055,0.08158416796791583,0.619541137062968,0.7248285141837053,0.08161684913754522,0.9004634534213539,0.9978503552620596,0.08157902586903802,0.0825097275279558,0.6482527818647792,0.9423342512030346,0.08157388948127635,0.08157193781021299,0.08156232118012027,0.9945831874788807,0.08156765129309873,0.2569685069319139,0.8379524727095858,0.34575043456568577,0.7495039065846889,0.0815749612719571,0.4331842707199691,0.32380778333762583,0.0815720900024113,0.8981940899205038,0.08160130189168219,0.08156526783083941,0.40365414103886116,0.8762844868141969,0.7834014383693946,0.9334562203985649,0.763293364800045,0.08157160923692867,0.9945599593754301,0.08170355294695719,0.9944230151593035,0.9678876449383785,0.08161584444490735,0.9695184655062731,0.9945557137350585,0.08157433487826479,0.27743879897816864,0.0815590368803947,0.9945553565468954,0.08161139163175164,0.0032214904357656146,0.9945619174566738,0.007391139108165114,0.9944805865337774
d4r,0.9958607583260805,0.17162196286394632,1.0,0.9958619495042516,0.9958600265104419,0.14830729350547595,0.8996547030030799,0.9958599677365337,0.995859556126265,0.9958574807166996,0.9958602692114041,0.9957526862493964,0.8694775505198331,0.9956570281747751,0.9940933019147199,0.15322102882065233,0.9958599728512324,0.8792302732735278,0.7996464175578892,0.9956333096176421,0.5764459186943692,0.17368426322984096,0.9958428241649323,0.9954538659062537,0.10989307047209959,0.4910649839082863,0.9958502250400622,0.9958588127640599,0.9958604792875307,0.09037583431897553,0.995859271873027,0.9945987764504085,0.31636009829412215,0.9834615297214044,0.27923821491344797,0.9958566206898938,0.9606427385644835,0.9870695176615188,0.9958613470194113,0.5868983844090844,0.9957340923735795,0.9958607691519109,0.9697415051754268,0.6214043710787015,0.13514603172003606,0.41711715872548805,0.7652459941821839,0.9958592414194647,0.09012444940640574,0.9948705441595448,0.09220819106156092,0.39187192262312415,0.9955705532722221,0.10938300856901663,0.09014257623986024,0.9958533241806946,0.9878014069074318,0.9958579819402502,0.09014664141937445,0.995675129158399,0.007352671826116195,0.09012570628403646,0.052261843956485636,0.0901721946039869
bea,0.9999992250838567,0.0815761163452353,0.9958619495042516,1.0,0.9999992091092379,0.05800725987935178,0.8565904016364067,0.9999971819825666,0.9999996331954325,0.9999981113421522,0.9999983202439219,0.9999036630094948,0.8212644853086767,0.9998125974104892,0.9982764203222314,0.06280325630561051,0.9999987124723786,0.8325998799224608,0.7418481079657018,0.9997890790378398,0.4998397106210396,0.08425218676865516,0.9999867733582465,0.9995321045151803,0.04705638655372704,0.410145592124654,0.9999930302162254,0.9999992407661582,0.9999986550037958,0.0002604989859750996,0.9999995333975288,0.9822159788954808,0.23991497065894432,0.9632369260751734,0.20972668173694337,0.9999977347423881,0.9317393009523665,0.9689291329852574,0.9999999577667804,0.5111566369714385,0.9998864133417824,0.9999994100736131,0.9440817225993664,0.5483451963477476,0.060970240341551164,0.334644387083728,0.7042259478488199,0.9999991036778634,6.030701956427792e-06,0.9990302847976948,0.002157190804089414,0.3067450209944577,0.9997293702617367,0.022032902400026658,2.9472430243502736e-05,0.9999953844658352,0.9740099562408169,0.9999946234617214,3.6158379687353425e-05,0.9998294161904168,0.00829578419776731,7.387754050800708e-06,0.0533427831000778,7.724276849255993e-05
cas,0.9999999627612006,0.08157877684195283,0.9958600265104419,0.9999992091092379,0.9999999999999999,0.058009685857531225,0.8566042672796649,0.9999993207779582,0.9999999040201049,0.9999997379294573,0.9999961260548466,0.9999129165110735,0.8212697034062745,0.9998304567818944,0.9983282022976152,0.06280425145125318,0.9999998862984161,0.8326147132494133,0.7418502140308237,0.9998113605329194,0.4998412650449331,0.08426691191567573,0.9999904682028385,0.9995629857634784,0.04705394295600906,0.4101526837624496,0.9999948190639429,0.9999999869322987,0.9999960938043022,0.0002651256878496084,0.9999989142069334,0.98221389833353,0.2399251697812852,0.9632348688139485,0.20971498431721827,0.9999995538788754,0.9317675810480148,0.9689581138519763,0.9999990382684859,0.5111696058304421,0.999900804128259,0.9999978226880374,0.9441100868528364,0.5483664516408195,0.06096644696909528,0.3346631211975735,0.7042490270615235,0.9999996565246648,7.875217228759213e-06,0.9990844813065529,0.0021908317935546923,0.3067461063078818,0.999753550216582,0.022318655398492662,3.9488245625259266e-05,0.999997144310211,0.9740998670053654,0.9999909535405085,4.55196546320936e-05,0.9998487137493421,0.009212167829996516,9.979991009834815e-06,0.05440436243100369,9.948797784046952e-05
nsc,0.05801275775749765,0.9997201546026429,0.14830729350547595,0.05800725987935178,0.058009685857531225,1.0,0.5642447119060576,0.05802722541056007,0.058001437714559866,0.05800523529429461,0.057994670418077224,0.05801877898305611,0.6102884554394022,0.058037574577262385,0.05803832220628759,0.998990761603574,0.05801511069354384,0.6008060536868173,0.7085305879938196,0.058049371253341364,0.8901986025459208,0.9974239737072804,0.05800957627362604,0.05894928753541411,0.6491229218753891,0.9341541060967332,0.05800457726101208,0.058002713656309365,0.05799358201875575,0.9961436246476186,0.05799860153374619,0.23418520061199696,0.8342703942006179,0.323469121244647,0.7465480017111732,0.0580056146810749,0.4118709459792845,0.30135235869412025,0.05800317147717602,0.8875483342987458,0.058032615780378126,0.05799638277939984,0.38191368721492824,0.8646676838011087,0.783998410150146,0.9273611135059099,0.7478041229020641,0.05800241677370291,0.996126788316615,0.05814987539857201,0.9959340042016606,0.9623430903558563,0.058049615550515035,0.9704825405533687,0.9961209125458231,0.05800498830114916,0.25477904472287494,0.05799058964371142,0.9961203602155025,0.058043356935346097,0.0028846726240207314,0.996128633165812,0.005974428615769326,0.9960429011930617
d6r,0.8566037980853068,0.5836115367048615,0.8996547030030799,0.8565904016364067,0.8566042672796649,0.5642447119060576,0.9999999999999999,0.8566169737773026,0.856598268421244,0.8566095371296916,0.8565707997244696,0.8566267131631699,0.9920946180439147,0.8566321893873609,0.855701291803234,0.5667047034100767,0.8566090300318137,0.998977102351787,0.9774829768075015,0.856646426418004,0.8711118159587994,0.5861570938219008,0.856628089242347,0.856969409269032,0.3574894794942206,0.8216979829317957,0.8566140824289655,0.8566028238704726,0.8565691949516138,0.5159773879030533,0.8565911951658011,0.9315028670256096,0.6179243244595198,0.9636278987298722,0.5446847543799124,0.8566124011301721,0.9820396671671413,0.9571546446554182,0.8565886081717311,0.8811419398749084,0.8566547734811343,0.8565788579101875,0.978333725329873,0.9010860087400588,0.441619882047104,0.7502349372072773,0.9694527355621082,0.8565999872811583,0.5157354506697511,0.8563133764417987,0.5176886739908251,0.748160071698356,0.8566134243789593,0.5230493786358286,0.515811728612505,0.8566139009862632,0.9378986837097762,0.8565518598841187,0.5158228462380676,0.8566528426213221,0.017180479957450975,0.515742397899721,0.056876188064450404,0.5159143896544732
mfi,0.9999993529414922,0.081596164615164,0.9958599677365337,0.9999971819825666,0.9999993207779582,0.05802722541056007,0.8566169737773026,1.0000000000000002,0.9999987793077073,0.9999997930374308,0.9999934150417302,0.999915183374119,0.8213015189620628,0.9998396938191478,0.9983556098950138,0.062830956877746,0.9999994114969697,0.8326308412715574,0.7418779509189363,0.999825621168583,0.49987273431036827,0.08427746097454916,0.99999083730027,0.9995817618255662,0.04723338228845804,0.4101682941138556,0.9999938302038611,0.9999992032621732,0.9999927733781635,0.00026888225912367815,0.9999968648601024,0.9822279100006863,0.24006021880042439,0.9632322120836103,0.20986549532529505,0.9999995507683397,0.9318008391971325,0.968978286520118,0.9999968362028496,0.5111886098669248,0.9999084708181539,0.9999953745925682,0.9441258568683049,0.5483814744605158,0.06111994207522866,0.3347460888150156,0.7042637116382613,0.9999987917535436,9.372733684065e-06,0.9991276019830171,0.0022161914546108647,0.3067850972165537,0.9997700179872913,0.022543370254955165,4.858676248260445e-05,0.9999963860902206,0.9741452223733101,0.999987238498305,5.2384252864842304e-05,0.999860326512655,0.009781899486834316,1.2230607311712424e-05,0.055129865669733345,0.00011752693426526392
bik,0.9999998953405738,0.0815706012421768,0.995859556126265,0.9999996331954325,0.9999999040201049,0.058001437714559866,0.856598268421244,0.9999987793077073,0.9999999999999999,0.9999993987869106,0.9999971350000397,0.9999091749987761,0.8212536177668366,0.99982379620198,0.9983081845453008,0.06279144372668574,0.999999637180281,0.8326080947928466,0.7418363423207485,0.9998034814938542,0.4998255057644224,0.0842616286922592,0.9999891540940862,0.9995515565616424,0.04696281968074688,0.41014508603907834,0.9999941620604905,0.9999999114752556,0.9999971856350133,0.00026354833929226773,0.9999992273870708,0.9822065050325665,0.23985587964547117,0.9632358339044372,0.2096403381455866,0.9999991044395073,0.9317487035398869,0.968947975267207,0.9999995157522041,0.5111599457362588,0.9998955260204179,0.999998595891051,0.9440993311397196,0.5483589627349456,0.06089179841534128,0.33462146495951767,0.7042407168247256,0.9999997033912497,7.243077497556964e-06,0.9990665057962519,0.0021788755192796968,0.3067269752748966,0.9997447704373292,0.02222021442258976,3.634434882409777e-05,0.9999965899924383,0.9740641461864901,0.9999925332988959,4.219594378571462e-05,0.9998418423418483,0.008853320422067133,9.134687414948266e-06,0.05401264098322278,9.196552313807377e-05
mtt,0.9999996964892858,0.08157454555363335,0.9958574807166996,0.9999981113421522,0.9999997379294573,0.05800523529429461,0.8566095371296916,0.9999997930374308,0.9999993987869106,1.0,0.9999945434686339,0.9999151332172745,0.8212601895681335,0.9998370003124715,0.9983476793389093,0.06279516074846973,0.9999997958616188,0.832620938671924,0.7418403505574299,0.9998207762050049,0.4998296901626212,0.08427354368743278,0.9999911338334638,0.9995754691997455,0.04697965816084371,0.41015196732014864,0.9999944899181544,0.9999996953388776,0.9999942713719194,0.0002674997575301362,0.9999976635646944,0.9822057257660527,0.2398767685647535,0.9632334746974827,0.20964739118724587,0.9999997973189872,0.9317723757819015,0.9689708526281214,0.9999979205416782,0.5111713976793173,0.9999059620048989,0.9999965094287809,0.944120939472464,0.5483758467814066,0.06090592332206839,0.33464353654045864,0.7042588893318604,0.9999994865430787,8.82029297257225e-06,0.9991121513744494,0.002206345925571761,0.306731933243378,0.999762453952249,0.022460704985870786,4.531445605266568e-05,0.9999971029537008,0.9741319386225735,0.9999888516114529,4.995281638431782e-05,0.9998566915391626,0.00953419691533544,1.1420499027260264e-05,0.05485623178230404,0.00011099097439322356
ddr,0.9999965486719463,0.0815634232755576,0.9958602692114041,0.9999983202439219,0.9999961260548466,0.057994670418077224,0.8565707997244696,0.9999934150417302,0.9999971350000397,0.9999945434686339,1.0000000000000004,0.9998766795584975,0.821233585863849,0.9997763702190989,0.9981684667877714,0.06278472870342656,0.9999948045564311,0.832583905000326,0.7418241678530901,0.9997535699718831,0.4998131039907431,0.08423113759395795,0.9999757680937736,0.99947716385821,0.04690600703653117,0.41012846663666164,0.9999846060640101,0.9999960563053858,0.9999996664766346,0.00025564429025092824,0.999996912824975,0.9822039436860306,0.23978689060934769,0.9632383444086179,0.20962064631827476,0.9999931132271731,0.9316737364804052,0.9688877628073681,0.999998303680746,0.5111294657426029,0.9998583155830301,0.9999996629255119,0.9440260778905201,0.548315169163188,0.06086483251714812,0.3345610476472045,0.7041880441119994,0.9999966815016912,4.089733446069346e-06,0.9989732526942743,0.002113032407344697,0.30671537117566144,0.9996917764950428,0.021703066859486756,2.2933369982348725e-05,0.9999882293510678,0.9738106400982658,0.999998813515312,2.3414059612665078e-05,0.9997965103429535,0.006562537901796378,5.281341370716358e-06,0.05165382080124777,5.370298557104982e-05
mwf,0.9999097304860144,0.08158727058797349,0.9957526862493964,0.9999036630094948,0.9999129165110735,0.05801877898305611,0.8566267131631699,0.999915183374119,0.9999091749987761,0.9999151332172745,0.9998766795584975,0.9999999999999998,0.821263313076678,0.999975772980828,0.998981234279001,0.06280842597742708,0.9999185325808916,0.8326025897832627,0.7418134913158148,0.999943750374539,0.4998316098399316,0.08439893753445016,0.9999608877132184,0.9998331720885786,0.04727208239340574,0.41017485437615026,0.9999482496317533,0.9999138700058015,0.9998823958787258,0.0002956328082920759,0.9999108353603868,0.9821164615346885,0.2402056914253735,0.9631210848654185,0.20971476649809326,0.9999229061058796,0.9320451086512614,0.9691292331582163,0.999903497478924,0.5112516541127562,0.9999881570049574,0.9998885093979117,0.9443966553412911,0.5485074552529067,0.0609882651544734,0.33488450613919823,0.7044311518184353,0.999907659569353,2.0029626982575498e-05,0.9993326661166069,0.002482653691907461,0.3067440899656251,0.9999009862057044,0.024438302144113046,7.385939623532749e-05,0.9999404320147008,0.9754116591539105,0.9998540519682012,0.00013000861029869782,0.9999652335329334,0.02138746853607901,2.207004654736354e-05,0.06595084106831872,0.0002470787579434739
sod,0.8212747843625071,0.6286095260815908,0.8694775505198331,0.8212644853086767,0.8212697034062745,0.6102884554394022,0.9920946180439147,0.8213015189620628,0.8212536177668366,0.8212601895681335,0.821233585863849,0.821263313076678,0.9999999999999999,0.8212441393762909,0.8202734665744299,0.6174534810466836,0.8212808116494764,0.9940766263253417,0.991406011536856,0.8212425072578046,0.9035529735083883,0.623756155735367,0.8212748447247122,0.8216808943017697,0.4710162519215101,0.8495427743676429,0.8212670611810075,0.8212567533373814,0.8212332422239491,0.556722626766861,0.8212507815632233,0.912119402655448,0.7060343010910143,0.9405420557812063,0.6439004658773556,0.8212628845420957,0.9718293612878334,0.9328525462035063,0.8212564236097524,0.9031228799553414,0.8212741822685389,0.8212396973201619,0.9583280344247267,0.9157281845309345,0.5456767802947091,0.8093094910971945,0.9734303235599708,0.8212534990744188,0.5564987909177492,0.8208290929260137,0.5582698543832831,0.7943412318665676,0.821213051344132,0.5610011938085128,0.5565463689610461,0.8212655261422236,0.9113375937905417,0.8212185312135071,0.5565645080924864,0.8212565514562679,0.014526494568254812,0.5565037553633213,0.0519083816210237,0.5566245043555035
fer,0.9998267347713387,0.0816051158770188,0.9956570281747751,0.9998125974104892,0.9998304567818944,0.058037574577262385,0.8566321893873609,0.9998396938191478,0.99982379620198,0.9998370003124715,0.9997763702190989,0.999975772980828,0.8212441393762909,1.0000000000000002,0.9992217416218457,0.06282641549317818,0.9998384893134097,0.8326122057537086,0.7417809812757885,0.9999885353620869,0.4998207461860734,0.08447762585790848,0.9998982900927457,0.9999332839205497,0.04740551224436698,0.4101871793755495,0.9998746849773223,0.9998312881324701,0.9997807783817234,0.00032114968408919963,0.9998214783181905,0.9820319622903182,0.24035523777012371,0.963024781442184,0.20975109792960406,0.9998465274161309,0.9321501414787259,0.9692132232663838,0.9998117411828462,0.5112903360205716,0.9999898296337021,0.9997921076562686,0.9444900267679416,0.5485830433176174,0.061073914647390426,0.3350210112419328,0.7045075657272017,0.9998234152523168,3.0217901358293785e-05,0.9995455395233582,0.0026768222187565456,0.3067516941736908,0.9999582192440887,0.026046579219466834,0.00012627190172014857,0.999865614589799,0.9759054356695465,0.9997446923938208,0.0001843048768889552,0.9999939712537249,0.02711238521735258,3.602247088965619e-05,0.07227714686736987,0.0003707262753590326
pcr,0.9983160968949426,0.08157519294992256,0.9940933019147199,0.9982764203222314,0.9983282022976152,0.05803832220628759,0.855701291803234,0.9983556098950138,0.9983081845453008,0.9983476793389093,0.9981684667877714,0.998981234279001,0.8202734665744299,0.9992217416218457,1.0,0.06281954495902098,0.998353846848475,0.8316357156450468,0.7408072437607589,0.9992124084563864,0.49923207059708163,0.08481953539388337,0.9985647530471136,0.9995741563235084,0.04828039593494711,0.409794535054868,0.9984828864764959,0.9983311175604663,0.9981846568914472,0.0004345131898549018,0.9983053414686355,0.980540222369603,0.24112158128912484,0.9614798796586552,0.2097340394336411,0.9983789052174095,0.9319137281045544,0.9686272976686814,0.9982746069296954,0.5109645074388475,0.9990369539485591,0.9982147189504782,0.9442236581376239,0.5484012883292496,0.06135772985319882,0.3354509259918722,0.7042446053860081,0.9983070016132528,7.559032459270216e-05,0.999316967906333,0.0036785283104750115,0.3064435213976956,0.9992339253049397,0.033643861803841844,0.00029280181339298126,0.9984480852970912,0.9786833951849667,0.9980810702734935,0.00047248886868073094,0.9991547978557956,0.06509909232784475,8.740871583331435e-05,0.10976075389559288,0.0009207001045943561
bog,0.06280945361295469,0.9987723815846055,0.15322102882065233,0.06280325630561051,0.06280425145125318,0.998990761603574,0.5667047034100767,0.062830956877746,0.06279144372668574,0.06279516074846973,0.06278472870342656,0.06280842597742708,0.6174534810466836,0.06282641549317818,0.06281954495902098,0.9999999999999998,0.06281263359307748,0.6032363121530957,0.7144701642270913,0.06283769820324277,0.8949353250259943,0.9936017204539033,0.06279953124492313,0.06377012584859618,0.682462046211053,0.9343066245450267,0.06279462840232052,0.06279270234035587,0.06278369540274416,0.9919039204926816,0.06278868125760649,0.24139855556147125,0.8574099859916336,0.3269439654609499,0.7753644085805443,0.06279555802573718,0.41810969588694685,0.3049498029399682,0.06279664786798715,0.8883558852266348,0.06282179670089,0.06278644599547446,0.38506543872866655,0.8637488064616978,0.8109878074765193,0.9387607430894401,0.7481694008747395,0.06279239661904815,0.9918858910756393,0.06293363612346553,0.9917068146428093,0.9672165726656996,0.06283755219687534,0.966457719750227,0.991880992677487,0.06279501195185376,0.2586010947138661,0.06278066648258027,0.9918810355932877,0.06283203377431472,0.0029079210028804176,0.9918881173535327,0.0062004994163125686,0.9918111945887111
mor,0.999999745636409,0.08158416796791583,0.9958599728512324,0.9999987124723786,0.9999998862984161,0.05801511069354384,0.8566090300318137,0.9999994114969697,0.999999637180281,0.9999997958616188,0.9999948045564311,0.9999185325808916,0.8212808116494764,0.9998384893134097,0.998353846848475,0.06281263359307748,1.0,0.8326191131959132,0.7418594217830414,0.9998194079080023,0.4998519597484281,0.084272122491054,0.9999922745908169,0.9995758310493944,0.04711784874597204,0.41015834775027227,0.9999958977442761,0.9999998908571012,0.9999949567777633,0.00026645602897772477,0.9999985201372249,0.9822183962714391,0.23997533143705055,0.963233727528367,0.2097641015290449,0.9999998448398826,0.9317856353919448,0.9689676395565133,0.9999985662656442,0.5111776384336687,0.9999067438127881,0.9999968865590866,0.9441230469910042,0.5483734902481564,0.06101546241898134,0.33469357346888506,0.7042579914140548,0.9999994866532882,8.411303387374752e-06,0.9990991813710655,0.0022018724076154667,0.30675892250917697,0.9997611128766551,0.022405726513386258,4.158319128532522e-05,0.9999980424233869,0.974147305945313,0.9999890831457694,4.8818137435948695e-05,0.9998561366647587,0.00960570259128526,1.0610411724264059e-05,0.05481718207208477,0.00010592125461324086
cha,0.8326153153718427,0.619541137062968,0.8792302732735278,0.8325998799224608,0.8326147132494133,0.6008060536868173,0.998977102351787,0.8326308412715574,0.8326080947928466,0.832620938671924,0.832583905000326,0.8326025897832627,0.9940766263253417,0.8326122057537086,0.8316357156450468,0.6032363121530957,0.8326191131959132,1.0000000000000002,0.9852437478659567,0.832641995568433,0.8921426707649345,0.6217185400700218,0.8326267561852467,0.8329836469726281,0.3832151411573029,0.8464794152470275,0.8326129207046048,0.8326122877882295,0.8325799294607744,0.553702805084956,0.8325970078266356,0.9148714212566538,0.6449037185186606,0.9506593985538047,0.5695477042436432,0.8326215952943772,0.973414244251164,0.9431767279889306,0.8325977685171165,0.9015002619819283,0.8326425085389269,0.8325904349026232,0.9680225348647769,0.919463471249977,0.47175300862199876,0.7774891893245943,0.9793096878012466,0.8326117831545284,0.5534662526597701,0.8323733278392135,0.5553363347580677,0.7770799966494837,0.8326016829045487,0.5592133621000515,0.5535551508734263,0.8326168144389866,0.9217922569036714,0.8325677982356927,0.553546862628738,0.8326460975531489,0.014955060112997966,0.5534752704286686,0.054320962424926414,0.5536457518589468
lta,0.7418553802643841,0.7248285141837053,0.7996464175578892,0.7418481079657018,0.7418502140308237,0.7085305879938196,0.9774829768075015,0.7418779509189363,0.7418363423207485,0.7418403505574299,0.7418241678530901,0.7418134913158148,0.991406011536856,0.7417809812757885,0.7408072437607589,0.7144701642270913,0.7418594217830414,0.9852437478659567,1.0000000000000002,0.7417773202240989,0.9514890924627022,0.7205062497157487,0.7418444643694756,0.7422823536773248,0.5217874791434298,0.911129577974884,0.7418411372527858,0.7418381367489378,0.7418235801512947,0.6605514222049726,0.7418338523386233,0.85142710828686,0.7633148349381222,0.891953930356166,0.6927397727690877,0.7418415454226601,0.9338574791097932,0.8813754855283898,0.7418408834399205,0.9512154638809328,0.7418185111834851,0.7418279382962335,0.9173501767622435,0.9589536728786239,0.6114504983660967,0.8724318505971155,0.9911375521103348,0.7418364806270252,0.6603550524635817,0.7413699078413324,0.661824186935602,0.865797143893273,0.7417439714157306,0.6595053390797228,0.660383392518901,0.7418414619933993,0.8542921957048359,0.7418144324601974,0.6603935030308843,0.7417950747889404,0.010595857041578317,0.6603588629231617,0.04438802781948611,0.6604087637102825
imf,0.9998083168428846,0.08161684913754522,0.9956333096176421,0.9997890790378398,0.9998113605329194,0.058049371253341364,0.856646426418004,0.999825621168583,0.9998034814938542,0.9998207762050049,0.9997535699718831,0.999943750374539,0.8212425072578046,0.9999885353620869,0.9992124084563864,0.06283769820324277,0.9998194079080023,0.832641995568433,0.7417773202240989,1.0,0.49982018750197665,0.084499897426643,0.9998753477001526,0.9999429677403049,0.04741180169240835,0.41019667471869603,0.9998483671891099,0.9998117196537337,0.9997547115031221,0.00033237927759494334,0.9997966310042092,0.9820116234214348,0.2403662678088948,0.9630026183409128,0.20976091206611477,0.9998288852543384,0.9321566958544383,0.9692443709123078,0.9997876299863925,0.5113033505970174,0.9999800206693279,0.9997690417877347,0.94448642397933,0.5486091511135575,0.06111632771746799,0.33505449341559307,0.7045221839229753,0.9998046335200385,3.4668622089794094e-05,0.9996616271293927,0.002739384458923685,0.30675922727824956,0.999974188444186,0.02667651615441851,0.00015975837013365875,0.9998420110300137,0.975875120784506,0.9997204329954653,0.00020068771565298938,0.9999967230508451,0.027650330002409174,4.3647458454895484e-05,0.07362729383075335,0.0004249468970768371
dzc,0.49984711081670585,0.9004634534213539,0.5764459186943692,0.4998397106210396,0.4998412650449331,0.8901986025459208,0.8711118159587994,0.49987273431036827,0.4998255057644224,0.4998296901626212,0.4998131039907431,0.4998316098399316,0.9035529735083883,0.4998207461860734,0.49923207059708163,0.8949353250259943,0.4998519597484281,0.8921426707649345,0.9514890924627022,0.49982018750197665,0.9999999999999999,0.8947034457695028,0.4998386428347541,0.500570014963312,0.6409123857860568,0.9905667761270033,0.4998335544077905,0.49982743910439204,0.4998129975893903,0.8557835120350837,0.499823344640212,0.64880897197721,0.8687728389027034,0.7113058306571973,0.7892272868210854,0.49983131449558554,0.7788609781097211,0.6949341639518843,0.49983161515404095,0.9959133920834526,0.49983851856615746,0.499816974524865,0.7530089602451681,0.9895265237001797,0.7528695429095232,0.9708851392529565,0.9593030074499693,0.4998257752725485,0.8556500294962648,0.4996004905261883,0.8565205971303632,0.9775281387705286,0.4997994932623471,0.8440313933404751,0.8556648488343666,0.49983297312611497,0.657437362640093,0.49980408991622555,0.8556765051852594,0.4998288241812797,0.008794343862123136,0.8556532304627542,0.03162780837325415,0.8556580111696852
can,0.08426511947073623,0.9978503552620596,0.17368426322984096,0.08425218676865516,0.08426691191567573,0.9974239737072804,0.5861570938219008,0.08427746097454916,0.0842616286922592,0.08427354368743278,0.08423113759395795,0.08439893753445016,0.623756155735367,0.08447762585790848,0.08481953539388337,0.9936017204539033,0.084272122491054,0.6217185400700218,0.7205062497157487,0.084499897426643,0.8947034457695028,1.0,0.08431275512518276,0.08543914712249376,0.5977913330503875,0.9421582892476025,0.08429246428650485,0.08426703736417689,0.08423118260287096,0.9964211613772375,0.08425721972447461,0.2552021032739075,0.803426279866059,0.34880518090694856,0.706630156995061,0.08427864336869406,0.43185158825965675,0.3270948542707162,0.08425114610571738,0.8983261206673085,0.08443328000767822,0.08424004001558835,0.4070428743922089,0.8794421718650827,0.741570396490301,0.9164423633966519,0.7666729551324658,0.08426255598373013,0.9963779793389137,0.08475783179407288,0.9965009375158851,0.9597038924726732,0.08451870168791795,0.9734395301660105,0.9964129042748129,0.08428730616444649,0.28144368615762855,0.08421221698020473,0.9964349084726003,0.0844748580907832,0.012860329507477298,0.9963819495165483,0.01728791191832084,0.9964279487154368
non,0.999989386724386,0.08157902586903802,0.9958428241649323,0.9999867733582465,0.9999904682028385,0.05800957627362604,0.856628089242347,0.99999083730027,0.9999891540940862,0.9999911338334638,0.9999757680937736,0.9999608877132184,0.8212748447247122,0.9998982900927457,0.9985647530471136,0.06279953124492313,0.9999922745908169,0.8326267561852467,0.7418444643694756,0.9998753477001526,0.4998386428347541,0.08431275512518276,1.0,0.9996725130698837,0.04707213203506315,0.4101652881662653,0.9999985681552769,0.9999907819154213,0.9999776317691665,0.0002754812224342204,0.9999888392206039,0.9821954956072103,0.23998347407527823,0.9632157694404277,0.20967129142793456,0.9999935597990621,0.9318733251606919,0.9690345490561577,0.9999866337611307,0.5112041228178802,0.9999492977862479,0.9999808592206719,0.9442236967109551,0.5484244378951221,0.06092967751108406,0.3347224631312794,0.7043238275435831,0.9999886154037837,1.2008852003753301e-05,0.999189530435887,0.002288744836454705,0.3067402956645306,0.9998217188679371,0.023036049525216543,5.176932416293755e-05,0.9999976844431331,0.9745537416107457,0.9999648470237115,7.396502065063702e-05,0.9999074501121852,0.013229081195843055,1.4221340061003697e-05,0.05824494325352392,0.0001497742756197128
pau,0.999557646524102,0.0825097275279558,0.9954538659062537,0.9995321045151803,0.9995629857634784,0.05894928753541411,0.856969409269032,0.9995817618255662,0.9995515565616424,0.9995754691997455,0.99947716385821,0.9998331720885786,0.8216808943017697,0.9999332839205497,0.9995741563235084,0.06377012584859618,0.9995758310493944,0.8329836469726281,0.7422823536773248,0.9999429677403049,0.500570014963312,0.08543914712249376,0.9996725130698837,1.0,0.04882598074010386,0.41095664930668985,0.9996302281482214,0.999563851145365,0.9994818293540041,0.0012016863886904004,0.999544961092471,0.9819698874745215,0.2417456031260257,0.9629630923478188,0.21094854888591363,0.9995895246755705,0.9325942309509333,0.9694384105733584,0.99953043584602,0.5120514812738679,0.9998777613920784,0.9995009036840553,0.9448359906482168,0.5493437094746522,0.0623811175917973,0.3362222623968274,0.7051535315448736,0.9995524179780225,0.0008863024147462311,0.9997403146398417,0.003841244735386105,0.3076490958759468,0.999929472122303,0.029469110835638145,0.0010409986787934086,0.9996167661699602,0.9769393759889123,0.9994292852653834,0.0011161234822669112,0.999923247223058,0.03778677537504779,0.0008964126545912821,0.0836033555415217,0.0014069223731261842
mei,0.04708769941982861,0.6482527818647792,0.10989307047209959,0.04705638655372704,0.04705394295600906,0.6491229218753891,0.3574894794942206,0.04723338228845804,0.04696281968074688,0.04697965816084371,0.04690600703653117,0.04727208239340574,0.4710162519215101,0.04740551224436698,0.04828039593494711,0.682462046211053,0.04711784874597204,0.3832151411573029,0.5217874791434298,0.04741180169240835,0.6409123857860568,0.5977913330503875,0.04707213203506315,0.04882598074010386,1.0,0.5989561941728193,0.04703660037626603,0.04697243236163987,0.046911876913731484,0.5957897866117453,0.046962203489417695,0.20766499392394916,0.9364145945440837,0.20522190146847896,0.9759949919532158,0.046992543863626425,0.3146002907664304,0.19262843500717408,0.04700971553923544,0.5715636645998031,0.04730390570940738,0.0469242300574571,0.24103679234071643,0.5242128536597876,0.9809744513484986,0.7918689274928183,0.45634922024269736,0.04696188693525521,0.5957366381315315,0.04778491117084091,0.5962466779831811,0.7057979994818557,0.04745021556797185,0.5850574348314126,0.595820566205973,0.04702093168813447,0.16677547183643243,0.04687087844603959,0.5958981490785068,0.04737224071568105,0.023945975204548484,0.5957480411433813,0.02583028145819158,0.5961283266863042
sti,0.4101541416187214,0.9423342512030346,0.4910649839082863,0.410145592124654,0.4101526837624496,0.9341541060967332,0.8216979829317957,0.4101682941138556,0.41014508603907834,0.41015196732014864,0.41012846663666164,0.41017485437615026,0.8495427743676429,0.4101871793755495,0.409794535054868,0.9343066245450267,0.41015834775027227,0.8464794152470275,0.911129577974884,0.41019667471869603,0.9905667761270033,0.9421582892476025,0.4101652881662653,0.41095664930668985,0.5989561941728193,0.9999999999999999,0.41015590939645075,0.4101478607154513,0.41012794508496225,0.9109545032769562,0.4101406228633092,0.5638465651242192,0.8404660444873364,0.639744145821622,0.7476454399885256,0.41015386128236986,0.708405753475407,0.6216651619145046,0.4101425121675366,0.9934972191626608,0.41019173762188,0.4101335022075578,0.6864660958149923,0.986523297359006,0.7290782574781666,0.9631879441096943,0.9353462785693151,0.4101465267104193,0.910839327269441,0.4101049707053446,0.911542186164848,0.9871244308880579,0.4101785268027106,0.8962025740421856,0.9108633720935271,0.4101557553176674,0.58121015599416,0.41011770322305957,0.9108715127315583,0.410197056477659,0.00941294939652979,0.9108430300869909,0.02860221326792621,0.910850932804578
mtn,0.9999939857732929,0.08157388948127635,0.9958502250400622,0.9999930302162254,0.9999948190639429,0.05800457726101208,0.8566140824289655,0.9999938302038611,0.9999941620604905,0.9999944899181544,0.9999846060640101,0.9999482496317533,0.8212670611810075,0.9998746849773223,0.9984828864764959,0.06279462840232052,0.9999958977442761,0.8326129207046048,0.7418411372527858,0.9998483671891099,0.4998335544077905,0.08429246428650485,0.9999985681552769,0.9996302281482214,0.04703660037626603,0.41015590939645075,1.0000000000000004,0.999995118170716,0.9999863513816939,0.000269507434203111,0.9999948826096102,0.9822007683402659,0.23994179389771614,0.9632239054860616,0.20965996285293692,0.9999963475865706,0.9318302745053868,0.9689997759993261,0.999992895741873,0.5111863308977699,0.9999322991597467,0.9999884801334866,0.9441828550530742,0.5483981101063484,0.060909380217680345,0.33468461466776417,0.7042930675390839,0.9999931158926193,9.611807027198061e-06,0.9991256720285792,0.0022432644660291094,0.30673378901071474,0.9997953123241164,0.02265886849619159,4.0096444556938906e-05,0.9999993517913546,0.9744030623280487,0.9999757279302444,6.07517004469967e-05,0.9998837999854635,0.011844288921614396,1.1057307248479074e-05,0.05668779126568782,0.00012085488651792845
jbw,0.9999999187751631,0.08157193781021299,0.9958588127640599,0.9999992407661582,0.9999999869322987,0.058002713656309365,0.8566028238704726,0.9999992032621732,0.9999999114752556,0.9999996953388776,0.9999960563053858,0.9999138700058015,0.8212567533373814,0.9998312881324701,0.9983311175604663,0.06279270234035587,0.9999998908571012,0.8326122877882295,0.7418381367489378,0.9998117196537337,0.49982743910439204,0.08426703736417689,0.9999907819154213,0.999563851145365,0.04697243236163987,0.4101478607154513,0.999995118170716,1.0,0.9999961118603854,0.0002650212704293285,0.9999990105796535,0.9822063857032234,0.23986761554668606,0.9632348128391296,0.20964378170181333,0.9999995730003458,0.9317610448448667,0.9689582609560218,0.9999990886133849,0.5111650635527825,0.999901362581349,0.9999978038170758,0.9441112588701126,0.5483665408450652,0.06089687769152754,0.3346320426253351,0.7042495202558354,0.9999996375630906,7.82902269724042e-06,0.9990833831288161,0.002190853764788216,0.30672892088894393,0.9997538440227853,0.02231552385021993,3.90157431708655e-05,0.9999973588221986,0.9741058885286034,0.9999908435124204,4.556056990683491e-05,0.9998491714732036,0.00925215486372293,9.877581698604177e-06,0.05442851272143465,9.908899554420987e-05
stf,0.9999963299696186,0.08156232118012027,0.9958604792875307,0.9999986550037958,0.9999960938043022,0.05799358201875575,0.8565691949516138,0.9999927733781635,0.9999971856350133,0.9999942713719194,0.9999996664766346,0.9998823958787258,0.8212332422239491,0.9997807783817234,0.9981846568914472,0.06278369540274416,0.9999949567777633,0.8325799294607744,0.7418235801512947,0.9997547115031221,0.4998129975893903,0.08423118260287096,0.9999776317691665,0.9994818293540041,0.046911876913731484,0.41012794508496225,0.9999863513816939,0.9999961118603854,1.0000000000000002,0.0002550002705144321,0.9999973465078142,0.9822038866265018,0.23979227439275955,0.9632382692438503,0.20962031950644036,0.9999931870461161,0.9316794182987113,0.9688869690686014,0.9999987993973233,0.511129803169685,0.999860889552032,0.9999996906093738,0.9440328790776275,0.5483145568678607,0.060861677593048766,0.3345616920064238,0.7041902844545385,0.9999967357926458,3.849085086168519e-06,0.9989646812609266,0.002111160146384105,0.30671478153351345,0.9996903948543973,0.02167346673511966,1.989713186096713e-05,0.9999896270745834,0.9738441689067411,0.9999984327979174,2.338423591861834e-05,0.999798593606872,0.00670284180505982,4.6911452371382726e-06,0.05172716928020023,5.0652402215106445e-05
aft,0.0002648256811707836,0.9945831874788807,0.09037583431897553,0.0002604989859750996,0.0002651256878496084,0.9961436246476186,0.5159773879030533,0.00026888225912367815,0.00026354833929226773,0.0002674997575301362,0.00025564429025092824,0.0002956328082920759,0.556722626766861,0.00032114968408919963,0.0004345131898549018,0.9919039204926816,0.00026645602897772477,0.553702805084956,0.6605514222049726,0.00033237927759494334,0.8557835120350837,0.9964211613772375,0.0002754812224342204,0.0012016863886904004,0.5957897866117453,0.9109545032769562,0.000269507434203111,0.0002650212704293285,0.0002550002705144321,0.9999999999999997,0.0002610840244268754,0.17332794908813623,0.7858639298242428,0.2688923436452985,0.6914546388868761,0.00026834530179358504,0.35459188364688154,0.2463690841663307,0.0002602118066687688,0.8583929285316164,0.0003090641721319756,0.00025779193006969487,0.32865893563621523,0.8362491480390984,0.7390314587822537,0.8913345605762589,0.7098972071294103,0.00026441888642162625,0.9999974514445117,0.0004748821106561807,0.9996846171202088,0.9373012491840822,0.00033630159884915554,0.9730332223508966,0.9999876444480333,0.00026915194818385763,0.19937803398446327,0.00025103581397702113,0.9999895920844564,0.00032376268169373364,0.002946138591188351,0.9999983805892311,0.0033623362961670063,0.9998988897756693
bre,0.9999988313594077,0.08156765129309873,0.995859271873027,0.9999995333975288,0.9999989142069334,0.05799860153374619,0.8565911951658011,0.9999968648601024,0.9999992273870708,0.9999976635646944,0.999996912824975,0.9999108353603868,0.8212507815632233,0.9998214783181905,0.9983053414686355,0.06278868125760649,0.9999985201372249,0.8325970078266356,0.7418338523386233,0.9997966310042092,0.499823344640212,0.08425721972447461,0.9999888392206039,0.999544961092471,0.046962203489417695,0.4101406228633092,0.9999948826096102,0.9999990105796535,0.9999973465078142,0.0002610840244268754,1.0,0.982206142072363,0.23985512219468488,0.9632351978411222,0.2096388212969596,0.9999977183913048,0.9317424474018002,0.968938169739924,0.9999993274069906,0.5111543950145939,0.9998935011546608,0.999998218094892,0.9440955270227981,0.5483519888012983,0.060882505700303874,0.33461527411253816,0.7042341551639837,0.9999980666776525,6.237050519250356e-06,0.9990362616288574,0.002168144219342149,0.3067236032064872,0.9997426375229771,0.022090490004026672,2.8560959001088442e-05,0.9999961856382057,0.974067937996695,0.999992171579247,3.874112560686871e-05,0.9998362373845093,0.008940177624133523,7.349220433361904e-06,0.05381152274573526,8.011409924365913e-05
lau,0.9822174367885163,0.2569685069319139,0.9945987764504085,0.9822159788954808,0.98221389833353,0.23418520061199696,0.9315028670256096,0.9822279100006863,0.9822065050325665,0.9822057257660527,0.9822039436860306,0.9821164615346885,0.912119402655448,0.9820319622903182,0.980540222369603,0.24139855556147125,0.9822183962714391,0.9148714212566538,0.85142710828686,0.9820116234214348,0.64880897197721,0.2552021032739075,0.9821954956072103,0.9819698874745215,0.20766499392394916,0.5638465651242192,0.9822007683402659,0.9822063857032234,0.9822038866265018,0.17332794908813623,0.982206142072363,0.9999999999999999,0.4130935105667316,0.9925918119597146,0.3759780789817681,0.9822054480588579,0.9818531546022043,0.994286102978721,0.9822116211659628,0.6538738440522018,0.9821030151605985,0.9822052128038035,0.9841572975706703,0.6832966131203784,0.23661656340387838,0.5051625054242876,0.8145297487724489,0.9822059070233815,0.17307739366127114,0.9812945209890476,0.17514204869012542,0.4755711981702058,0.98195663853788,0.19005944325947854,0.17310107460400415,0.9822028653968666,0.9911354065441996,0.9821993410960643,0.17310813191166968,0.9820493603777317,0.008705964653856386,0.17307963654908542,0.052982886360494696,0.17314562336210218
gis,0.23994716243504646,0.8379524727095858,0.31636009829412215,0.23991497065894432,0.2399251697812852,0.8342703942006179,0.6179243244595198,0.24006021880042439,0.23985587964547117,0.2398767685647535,0.23978689060934769,0.2402056914253735,0.7060343010910143,0.24035523777012371,0.24112158128912484,0.8574099859916336,0.23997533143705055,0.6449037185186606,0.7633148349381222,0.2403662678088948,0.8687728389027034,0.803426279866059,0.23998347407527823,0.2417456031260257,0.9364145945440837,0.8404660444873364,0.23994179389771614,0.23986761554668606,0.23979227439275955,0.7858639298242428,0.23985512219468488,0.4130935105667316,0.9999999999999998,0.4420556689563924,0.9874400080008107,0.23989180526656,0.5446794525217675,0.42640101523032736,0.23988060781267206,0.8228616268801847,0.24024919800546535,0.23980837949597464,0.48555744034145665,0.78893118329239,0.9775431002060602,0.9550388278279318,0.7271238410463923,0.23985387813089687,0.7857524839368466,0.2406960026041136,0.7867278417647696,0.9045638274187257,0.2404154524573022,0.7751591631090834,0.7858514136365529,0.23992298156768446,0.39294778778443584,0.23974262258794116,0.7859394267692011,0.24032177201120614,0.030871681775519355,0.7857631128807395,0.04140623124430163,0.7861577319293802
ast,0.9632352077362312,0.34575043456568577,0.9834615297214044,0.9632369260751734,0.9632348688139485,0.323469121244647,0.9636278987298722,0.9632322120836103,0.9632358339044372,0.9632334746974827,0.9632383444086179,0.9631210848654185,0.9405420557812063,0.963024781442184,0.9614798796586552,0.3269439654609499,0.963233727528367,0.9506593985538047,0.891953930356166,0.9630026183409128,0.7113058306571973,0.34880518090694856,0.9632157694404277,0.9629630923478188,0.20522190146847896,0.639744145821622,0.9632239054860616,0.9632348128391296,0.9632382692438503,0.2688923436452985,0.9632351978411222,0.9925918119597146,0.4420556689563924,1.0000000000000002,0.3876529980328948,0.9632321168173585,0.9925960115080075,0.9993657185833196,0.9632370586102624,0.7228997665710931,0.9631028285962294,0.963238245290784,0.9975274579974153,0.7527606641094097,0.2571535331556883,0.5616731320085282,0.8689472521886132,0.9632357812191821,0.26865143303791655,0.9622670800163258,0.2705731208013249,0.5472200873831639,0.9629392170936291,0.28209319934635124,0.2686615031387146,0.963227727925308,0.991433344800643,0.9632373833427721,0.26866221471358465,0.9630442597644778,0.0062722985478718876,0.26865239083302545,0.04978716032259203,0.26865786355956267
nat,0.2097471935842178,0.7495039065846889,0.27923821491344797,0.20972668173694337,0.20971498431721827,0.7465480017111732,0.5446847543799124,0.20986549532529505,0.2096403381455866,0.20964739118724587,0.20962064631827476,0.20971476649809326,0.6439004658773556,0.20975109792960406,0.2097340394336411,0.7753644085805443,0.2097641015290449,0.5695477042436432,0.6927397727690877,0.20976091206611477,0.7892272868210854,0.706630156995061,0.20967129142793456,0.21094854888591363,0.9759949919532158,0.7476454399885256,0.20965996285293692,0.20964378170181333,0.20962031950644036,0.6914546388868761,0.2096388212969596,0.3759780789817681,0.9874400080008107,0.3876529980328948,0.9999999999999998,0.20965077849658312,0.4914665315120581,0.3734405011520591,0.20968629122326465,0.7316920085622118,0.2097347758192706,0.20962617923765048,0.42549593594482416,0.6931414074778725,0.9875697245092414,0.8975691413704464,0.6384722669279642,0.20963975397932483,0.6913867059367031,0.2098217933847252,0.6918258493044689,0.8270240545906684,0.20977405150594697,0.6787021622184289,0.6914276414692698,0.20965580989909754,0.3424845250491155,0.20960708826510477,0.6914500237924649,0.20975024126021138,0.009940057560302166,0.6913956104614823,0.0195358742829531,0.6915604429421297
ton,0.9999993582026608,0.0815749612719571,0.9958566206898938,0.9999977347423881,0.9999995538788754,0.0580056146810749,0.8566124011301721,0.9999995507683397,0.9999991044395073,0.9999997973189872,0.9999931132271731,0.9999229061058796,0.8212628845420957,0.9998465274161309,0.9983789052174095,0.06279555802573718,0.9999998448398826,0.8326215952943772,0.7418415454226601,0.9998288852543384,0.49983131449558554,0.08427864336869406,0.9999935597990621,0.9995895246755705,0.046992543863626425,0.41015386128236986,0.9999963475865706,0.9999995730003458,0.9999931870461161,0.00026834530179358504,0.9999977183913048,0.9822054480588579,0.23989180526656,0.9632321168173585,0.20965077849658312,1.0,0.931786937431763,0.9689798672915364,0.9999975461823809,0.5111759850583126,0.9999130045801771,0.9999955051278151,0.9441359929513611,0.5483825343605337,0.060908340530231427,0.3346542504186416,0.7042681258103424,0.9999990266384909,9.158582337439805e-06,0.9991209762391301,0.0022166652124601003,0.30673312788825463,0.9997716028909225,0.02252699067772836,4.541657090286022e-05,0.9999983673806426,0.9741923741867446,0.9999866873054577,5.29459279357907e-05,0.9998644107554774,0.010055945906272361,1.1626352812256995e-05,0.05530790818917152,0.00011517344711844919
dsc,0.9317654647974212,0.4331842707199691,0.9606427385644835,0.9317393009523665,0.9317675810480148,0.4118709459792845,0.9820396671671413,0.9318008391971325,0.9317487035398869,0.9317723757819015,0.9316737364804052,0.9320451086512614,0.9718293612878334,0.9321501414787259,0.9319137281045544,0.41810969588694685,0.9317856353919448,0.973414244251164,0.9338574791097932,0.9321566958544383,0.7788609781097211,0.43185158825965675,0.9318733251606919,0.9325942309509333,0.3146002907664304,0.708405753475407,0.9318302745053868,0.9317610448448667,0.9316794182987113,0.35459188364688154,0.9317424474018002,0.9818531546022043,0.5446794525217675,0.9925960115080075,0.4914665315120581,0.931786937431763,1.0,0.9906912128753785,0.9317337793802134,0.783976145861803,0.9320864992192062,0.9316979721260169,0.9969039527282818,0.807632611814476,0.36830791745075325,0.6507377113469287,0.9082086173477065,0.9317497525139158,0.3542961630954254,0.9320139058788687,0.35696303894839687,0.6301665077363571,0.9321422994472475,0.37152966723042613,0.3544360483425024,0.9318162942342281,0.9812150219714656,0.9316261026085471,0.35451604569056866,0.9321361127577418,0.037373860897939266,0.35430619655663187,0.08004287415738712,0.3547672587856418
afs,0.9689549353924112,0.32380778333762583,0.9870695176615188,0.9689291329852574,0.9689581138519763,0.30135235869412025,0.9571546446554182,0.968978286520118,0.968947975267207,0.9689708526281214,0.9688877628073681,0.9691292331582163,0.9328525462035063,0.9692132232663838,0.9686272976686814,0.3049498029399682,0.9689676395565133,0.9431767279889306,0.8813754855283898,0.9692443709123078,0.6949341639518843,0.3270948542707162,0.9690345490561577,0.9694384105733584,0.19262843500717408,0.6216651619145046,0.9689997759993261,0.9689582609560218,0.9688869690686014,0.2463690841663307,0.968938169739924,0.994286102978721,0.42640101523032736,0.9993657185833196,0.3734405011520591,0.9689798672915364,0.9906912128753785,0.9999999999999999,0.968926859050202,0.7067369998917913,0.9691887130172221,0.9689055131695091,0.9962506990021857,0.7374701923817948,0.24112378333258938,0.5441062468347786,0.8574810445132768,0.9689496440094512,0.24606902556978955,0.9690737003352776,0.24874327229666474,0.5279013822202395,0.9692355199734897,0.2663797020331216,0.24621877461315797,0.9689925126032393,0.9951179692583303,0.9688479596625361,0.24625811579195264,0.9692262474560942,0.03153430864746871,0.2460805936393974,0.07660316612252663,0.24650318874713686
mtw,0.9999990199591935,0.0815720900024113,0.9958613470194113,0.9999999577667804,0.9999990382684859,0.05800317147717602,0.8565886081717311,0.9999968362028496,0.9999995157522041,0.9999979205416782,0.999998303680746,0.999903497478924,0.8212564236097524,0.9998117411828462,0.9982746069296954,0.06279664786798715,0.9999985662656442,0.8325977685171165,0.7418408834399205,0.9997876299863925,0.49983161515404095,0.08425114610571738,0.9999866337611307,0.99953043584602,0.04700971553923544,0.4101425121675366,0.999992895741873,0.9999990886133849,0.9999987993973233,0.0002602118066687688,0.9999993274069906,0.9822116211659628,0.23988060781267206,0.9632370586102624,0.20968629122326465,0.9999975461823809,0.9317337793802134,0.968926859050202,1.0,0.511153303543449,0.9998854243466895,0.9999994486974491,0.9440804692925189,0.5483435168604787,0.06093087377122883,0.33462471002804123,0.7042247222834181,0.9999991258441642,5.924723630560889e-06,0.9990266494392228,0.002154433189161794,0.30673521619191,0.9997259903050666,0.022013511450424145,2.8872483257580617e-05,0.9999953827512035,0.9740067692933086,0.9999948145879998,3.562457331245423e-05,0.9998283772359685,0.00819798441119608,7.242614670060681e-06,0.053265078441447414,7.585536713431724e-05
gme,0.5111699839748567,0.8981940899205038,0.5868983844090844,0.5111566369714385,0.5111696058304421,0.8875483342987458,0.8811419398749084,0.5111886098669248,0.5111599457362588,0.5111713976793173,0.5111294657426029,0.5112516541127562,0.9031228799553414,0.5112903360205716,0.5109645074388475,0.8883558852266348,0.5111776384336687,0.9015002619819283,0.9512154638809328,0.5113033505970174,0.9959133920834526,0.8983261206673085,0.5112041228178802,0.5120514812738679,0.5715636645998031,0.9934972191626608,0.5111863308977699,0.5111650635527825,0.511129803169685,0.8583929285316164,0.5111543950145939,0.6538738440522018,0.8228616268801847,0.7228997665710931,0.7316920085622118,0.5111759850583126,0.783976145861803,0.7067369998917913,0.511153303543449,0.9999999999999997,0.5112779723453518,0.5111388609063469,0.7647300915625924,0.9980341484038951,0.6956358032837501,0.9498945581244025,0.9692726758083334,0.5111614924421792,0.8582402424641122,0.5112353458975382,0.8593332504099549,0.9686363859939369,0.5112883707455811,0.848528621000082,0.8582925031627702,0.5111832997433985,0.669744790203883,0.5111099451833429,0.8583145041515092,0.5112964268428969,0.015834683982499397,0.8582456557347974,0.03970016585749175,0.8583510812451053
doh,0.9998981341824795,0.08160130189168219,0.9957340923735795,0.9998864133417824,0.999900804128259,0.058032615780378126,0.8566547734811343,0.9999084708181539,0.9998955260204179,0.9999059620048989,0.9998583155830301,0.9999881570049574,0.8212741822685389,0.9999898296337021,0.9990369539485591,0.06282179670089,0.9999067438127881,0.8326425085389269,0.7418185111834851,0.9999800206693279,0.49983851856615746,0.08443328000767822,0.9999492977862479,0.9998777613920784,0.04730390570940738,0.41019173762188,0.9999322991597467,0.999901362581349,0.999860889552032,0.0003090641721319756,0.9998935011546608,0.9821030151605985,0.24024919800546535,0.9631028285962294,0.2097347758192706,0.9999130045801771,0.9320864992192062,0.9691887130172221,0.9998854243466895,0.5112779723453518,0.9999999999999999,0.9998704172252084,0.9444281841659219,0.5485532738071592,0.06103895737437446,0.3349449318227256,0.7044698180419592,0.9998948449792301,2.535977447411719e-05,0.9994814977303659,0.0025707252724850383,0.3067568274100836,0.9999494391333026,0.025237048626880216,0.00010923751934362473,0.9999257993773271,0.9754989691793811,0.9998323826934397,0.00015306837436749552,0.9999913149349811,0.0230734990629214,3.058999897078966e-05,0.06824461717798729,0.00031234540839328274
rth,0.9999980516853297,0.08156526783083941,0.9958607691519109,0.9999994100736131,0.9999978226880374,0.05799638277939984,0.8565788579101875,0.9999953745925682,0.999998595891051,0.9999965094287809,0.9999996629255119,0.9998885093979117,0.8212396973201619,0.9997921076562686,0.9982147189504782,0.06278644599547446,0.9999968865590866,0.8325904349026232,0.7418279382962335,0.9997690417877347,0.499816974524865,0.08424004001558835,0.9999808592206719,0.9995009036840553,0.0469242300574571,0.4101335022075578,0.9999884801334866,0.9999978038170758,0.9999996906093738,0.00025779193006969487,0.999998218094892,0.9822052128038035,0.23980837949597464,0.963238245290784,0.20962617923765048,0.9999955051278151,0.9316979721260169,0.9689055131695091,0.9999994486974491,0.5111388609063469,0.9998704172252084,0.9999999999999999,0.9440500883556702,0.5483279634549444,0.060871862897033474,0.33457872751986595,0.7042045608137764,0.9999982891706457,4.955750914998995e-06,0.9989987964571637,0.002131361000453766,0.3067188366216452,0.9997063760967706,0.02184537737381652,2.6124098399397994e-05,0.9999917531183442,0.9738949996780322,0.9999975419120288,2.8913543498095744e-05,0.9998109761447382,0.007242356414553486,6.2584593208476506e-06,0.05235853161605189,6.4129860153597e-05
d8r,0.9441042465758251,0.40365414103886116,0.9697415051754268,0.9440817225993664,0.9441100868528364,0.38191368721492824,0.978333725329873,0.9441258568683049,0.9440993311397196,0.944120939472464,0.9440260778905201,0.9443966553412911,0.9583280344247267,0.9444900267679416,0.9442236581376239,0.38506543872866655,0.9441230469910042,0.9680225348647769,0.9173501767622435,0.94448642397933,0.7530089602451681,0.4070428743922089,0.9442236967109551,0.9448359906482168,0.24103679234071643,0.6864660958149923,0.9441828550530742,0.9441112588701126,0.9440328790776275,0.32865893563621523,0.9440955270227981,0.9841572975706703,0.48555744034145665,0.9975274579974153,0.42549593594482416,0.9441359929513611,0.9969039527282818,0.9962506990021857,0.9440804692925189,0.7647300915625924,0.9444281841659219,0.9440500883556702,1.0,0.7927051219105156,0.3007527083306261,0.60938383147254,0.89848332230318,0.9440992781825476,0.32836335893735796,0.9442805005214151,0.33103307826959366,0.5974943226442222,0.9444730930731243,0.3462648849638584,0.32848823054357157,0.9441674295834581,0.9880684573009807,0.9439790351983509,0.3285750359473562,0.9444698766908592,0.037158096051535645,0.32837111544640335,0.07995179282529032,0.3287990260042657
ats,0.5483641155044033,0.8762844868141969,0.6214043710787015,0.5483451963477476,0.5483664516408195,0.8646676838011087,0.9010860087400588,0.5483814744605158,0.5483589627349456,0.5483758467814066,0.548315169163188,0.5485074552529067,0.9157281845309345,0.5485830433176174,0.5484012883292496,0.8637488064616978,0.5483734902481564,0.919463471249977,0.9589536728786239,0.5486091511135575,0.9895265237001797,0.8794421718650827,0.5484244378951221,0.5493437094746522,0.5242128536597876,0.986523297359006,0.5483981101063484,0.5483665408450652,0.5483145568678607,0.8362491480390984,0.5483519888012983,0.6832966131203784,0.78893118329239,0.7527606641094097,0.6931414074778725,0.5483825343605337,0.807632611814476,0.7374701923817948,0.5483435168604787,0.9980341484038951,0.5485532738071592,0.5483279634549444,0.7927051219105156,1.0000000000000002,0.651441208208675,0.92900951108636,0.9798514201693823,0.5483601532576454,0.8360744048380758,0.5486373742109463,0.8374155595677716,0.9518350616906595,0.5486129063538435,0.8291314647634125,0.8361578423868672,0.5483922670879962,0.702115036338718,0.5482865896597917,0.8361871752760778,0.5485893907938338,0.021768017330268993,0.8360818108681064,0.04748175738109679,0.8362748833139243
abw,0.06099797329637211,0.7834014383693946,0.13514603172003606,0.060970240341551164,0.06096644696909528,0.783998410150146,0.441619882047104,0.06111994207522866,0.06089179841534128,0.06090592332206839,0.06086483251714812,0.0609882651544734,0.5456767802947091,0.061073914647390426,0.06135772985319882,0.8109878074765193,0.06101546241898134,0.47175300862199876,0.6114504983660967,0.06111632771746799,0.7528695429095232,0.741570396490301,0.06092967751108406,0.0623811175917973,0.9809744513484986,0.7290782574781666,0.060909380217680345,0.06089687769152754,0.060861677593048766,0.7390314587822537,0.060882505700303874,0.23661656340387838,0.9775431002060602,0.2571535331556883,0.9875697245092414,0.060908340530231427,0.36830791745075325,0.24112378333258938,0.06093087377122883,0.6956358032837501,0.06103895737437446,0.060871862897033474,0.3007527083306261,0.651441208208675,1.0,0.8840371109487642,0.5675683697203872,0.06089494575298965,0.7389897771781466,0.06145754481117147,0.7391990043844827,0.8226289859110067,0.061129130650985075,0.7228475982578854,0.7390705021868827,0.06090900510562114,0.20723308759670475,0.06084883376515961,0.7390727220546919,0.06108766087774869,0.010463821569193283,0.7390031188760019,0.014741517897805671,0.7392298020551468
dcc,0.33467413003079655,0.9334562203985649,0.41711715872548805,0.334644387083728,0.3346631211975735,0.9273611135059099,0.7502349372072773,0.3347460888150156,0.33462146495951767,0.33464353654045864,0.3345610476472045,0.33488450613919823,0.8093094910971945,0.3350210112419328,0.3354509259918722,0.9387607430894401,0.33469357346888506,0.7774891893245943,0.8724318505971155,0.33505449341559307,0.9708851392529565,0.9164423633966519,0.3347224631312794,0.3362222623968274,0.7918689274928183,0.9631879441096943,0.33468461466776417,0.3346320426253351,0.3345616920064238,0.8913345605762589,0.33461527411253816,0.5051625054242876,0.9550388278279318,0.5616731320085282,0.8975691413704464,0.3346542504186416,0.6507377113469287,0.5441062468347786,0.33462471002804123,0.9498945581244025,0.3349449318227256,0.33457872751986595,0.60938383147254,0.92900951108636,0.8840371109487642,0.9999999999999999,0.8686104828226647,0.334621657426323,0.8912011362477583,0.33535934827697433,0.8922627514393812,0.9886233005433268,0.3350917996979529,0.8794766547703807,0.8913088485615485,0.3346726731169408,0.5056719186297146,0.3345221366388902,0.8913614207240511,0.3350129054386334,0.027338990144681215,0.891212186978238,0.04316844163560214,0.8915344779381607
lev,0.7042455035024487,0.763293364800045,0.7652459941821839,0.7042259478488199,0.7042490270615235,0.7478041229020641,0.9694527355621082,0.7042637116382613,0.7042407168247256,0.7042588893318604,0.7041880441119994,0.7044311518184353,0.9734303235599708,0.7045075657272017,0.7042446053860081,0.7481694008747395,0.7042579914140548,0.9793096878012466,0.9911375521103348,0.7045221839229753,0.9593030074499693,0.7666729551324658,0.7043238275435831,0.7051535315448736,0.45634922024269736,0.9353462785693151,0.7042930675390839,0.7042495202558354,0.7041902844545385,0.7098972071294103,0.7042341551639837,0.8145297487724489,0.7271238410463923,0.8689472521886132,0.6384722669279642,0.7042681258103424,0.9082086173477065,0.8574810445132768,0.7042247222834181,0.9692726758083334,0.7044698180419592,0.7042045608137764,0.89848332230318,0.9798514201693823,0.5675683697203872,0.8686104828226647,0.9999999999999999,0.7042421566318822,0.7096773112543856,0.7044496784638578,0.7114803709875458,0.8811998209505105,0.7045110255759482,0.7102490320648821,0.7097725675116362,0.704285014990995,0.8292480253274097,0.7041544378155095,0.7098195787578506,0.7045063913621717,0.026415144360249155,0.7096849198555943,0.059020647948101274,0.7099449274516092
rut,0.9999996463334474,0.08157160923692867,0.9958592414194647,0.9999991036778634,0.9999996565246648,0.05800241677370291,0.8565999872811583,0.9999987917535436,0.9999997033912497,0.9999994865430787,0.9999966815016912,0.999907659569353,0.8212534990744188,0.9998234152523168,0.9983070016132528,0.06279239661904815,0.9999994866532882,0.8326117831545284,0.7418364806270252,0.9998046335200385,0.4998257752725485,0.08426255598373013,0.9999886154037837,0.9995524179780225,0.04696188693525521,0.4101465267104193,0.9999931158926193,0.9999996375630906,0.9999967357926458,0.00026441888642162625,0.9999980666776525,0.9822059070233815,0.23985387813089687,0.9632357812191821,0.20963975397932483,0.9999990266384909,0.9317497525139158,0.9689496440094512,0.9999991258441642,0.5111614924421792,0.9998948449792301,0.9999982891706457,0.9440992781825476,0.5483601532576454,0.06089494575298965,0.334621657426323,0.7042421566318822,1.0000000000000002,7.614455469556038e-06,0.9990765320626849,0.0021809269291861895,0.30672805627317334,0.9997413020902547,0.02226094729247937,3.9480623179387855e-05,0.9999962558004494,0.9740582259028804,0.9999923937099737,4.3280842515473774e-05,0.9998428374135736,0.00869891274903387,9.83629749447415e-06,0.05402620227233232,9.619956868934975e-05
atn,7.753405292188306e-06,0.9945599593754301,0.09012444940640574,6.030701956427792e-06,7.875217228759213e-06,0.996126788316615,0.5157354506697511,9.372733684065e-06,7.243077497556964e-06,8.82029297257225e-06,4.089733446069346e-06,2.0029626982575498e-05,0.5564987909177492,3.0217901358293785e-05,7.559032459270216e-05,0.9918858910756393,8.411303387374752e-06,0.5534662526597701,0.6603550524635817,3.4668622089794094e-05,0.8556500294962648,0.9963779793389137,1.2008852003753301e-05,0.0008863024147462311,0.5957366381315315,0.910839327269441,9.611807027198061e-06,7.82902269724042e-06,3.849085086168519e-06,0.9999974514445117,6.237050519250356e-06,0.17307739366127114,0.7857524839368466,0.26865143303791655,0.6913867059367031,9.158582337439805e-06,0.3542961630954254,0.24606902556978955,5.924723630560889e-06,0.8582402424641122,2.535977447411719e-05,4.955750914998995e-06,0.32836335893735796,0.8360744048380758,0.7389897771781466,0.8912011362477583,0.7096773112543856,7.614455469556038e-06,0.9999999999999999,0.0001223592617980861,0.999628029792395,0.9372169308647416,3.600355560085575e-05,0.9725136845660346,0.999976270959218,9.494682703705435e-06,0.19894753824436,2.2747996834836025e-06,0.9999780712801952,3.1273465734579785e-05,0.0011645620617780988,0.9999997261605275,0.0013302957598418845,0.9998647233796476
ltl,0.9990813940077227,0.08170355294695719,0.9948705441595448,0.9990302847976948,0.9990844813065529,0.05814987539857201,0.8563133764417987,0.9991276019830171,0.9990665057962519,0.9991121513744494,0.9989732526942743,0.9993326661166069,0.8208290929260137,0.9995455395233582,0.999316967906333,0.06293363612346553,0.9990991813710655,0.8323733278392135,0.7413699078413324,0.9996616271293927,0.4996004905261883,0.08475783179407288,0.999189530435887,0.9997403146398417,0.04778491117084091,0.4101049707053446,0.9991256720285792,0.9990833831288161,0.9989646812609266,0.0004748821106561807,0.9990362616288574,0.9812945209890476,0.2406960026041136,0.9622670800163258,0.2098217933847252,0.9991209762391301,0.9320139058788687,0.9690737003352776,0.9990266494392228,0.5112353458975382,0.9994814977303659,0.9989987964571637,0.9442805005214151,0.5486373742109463,0.06145754481117147,0.33535934827697433,0.7044496784638578,0.9990765320626849,0.0001223592617980861,1.0,0.0034136948608431803,0.3067036729469775,0.9996519847266223,0.03223636332831084,0.0004249778208441186,0.9991250622375029,0.9765767714710747,0.998915948755945,0.0004266577332636901,0.9995998171266217,0.042355975486540624,0.0001486713031726887,0.09227650726339008,0.0009164361292094164
bph,0.00218742504182414,0.9944230151593035,0.09220819106156092,0.002157190804089414,0.0021908317935546923,0.9959340042016606,0.5176886739908251,0.0022161914546108647,0.0021788755192796968,0.002206345925571761,0.002113032407344697,0.002482653691907461,0.5582698543832831,0.0026768222187565456,0.0036785283104750115,0.9917068146428093,0.0022018724076154667,0.5553363347580677,0.661824186935602,0.002739384458923685,0.8565205971303632,0.9965009375158851,0.002288744836454705,0.003841244735386105,0.5962466779831811,0.911542186164848,0.0022432644660291094,0.002190853764788216,0.002111160146384105,0.9996846171202088,0.002168144219342149,0.17514204869012542,0.7867278417647696,0.2705731208013249,0.6918258493044689,0.0022166652124601003,0.35696303894839687,0.24874327229666474,0.002154433189161794,0.8593332504099549,0.0025707252724850383,0.002131361000453766,0.33103307826959366,0.8374155595677716,0.7391990043844827,0.8922627514393812,0.7114803709875458,0.0021809269291861895,0.999628029792395,0.0034136948608431803,0.9999999999999999,0.9376379942775317,0.002799746113015675,0.9784050233703623,0.9997478547077344,0.0022323786886297215,0.20357509082837072,0.002072110963388126,0.9997847196142707,0.002674635394544371,0.026397273455401035,0.9996389682267025,0.028022661873014373,0.999923641798385
clo,0.3067536207709859,0.9678876449383785,0.39187192262312415,0.3067450209944577,0.3067461063078818,0.9623430903558563,0.748160071698356,0.3067850972165537,0.3067269752748966,0.306731933243378,0.30671537117566144,0.3067440899656251,0.7943412318665676,0.3067516941736908,0.3064435213976956,0.9672165726656996,0.30675892250917697,0.7770799966494837,0.865797143893273,0.30675922727824956,0.9775281387705286,0.9597038924726732,0.3067402956645306,0.3076490958759468,0.7057979994818557,0.9871244308880579,0.30673378901071474,0.30672892088894393,0.30671478153351345,0.9373012491840822,0.3067236032064872,0.4755711981702058,0.9045638274187257,0.5472200873831639,0.8270240545906684,0.30673312788825463,0.6301665077363571,0.5279013822202395,0.30673521619191,0.9686363859939369,0.3067568274100836,0.3067188366216452,0.5974943226442222,0.9518350616906595,0.8226289859110067,0.9886233005433268,0.8811998209505105,0.30672805627317334,0.9372169308647416,0.3067036729469775,0.9376379942775317,1.0,0.3067456631705825,0.9190980884717513,0.937229511064785,0.3067339361042416,0.48552584814692024,0.3067077915311771,0.9372354969016371,0.3067597874580572,0.006713976661891924,0.9372206468551054,0.021084891348441045,0.9372078401740083
lov,0.9997508858791115,0.08161584444490735,0.9955705532722221,0.9997293702617367,0.999753550216582,0.058049615550515035,0.8566134243789593,0.9997700179872913,0.9997447704373292,0.999762453952249,0.9996917764950428,0.9999009862057044,0.821213051344132,0.9999582192440887,0.9992339253049397,0.06283755219687534,0.9997611128766551,0.8326016829045487,0.7417439714157306,0.999974188444186,0.4997994932623471,0.08451870168791795,0.9998217188679371,0.999929472122303,0.04745021556797185,0.4101785268027106,0.9997953123241164,0.9997538440227853,0.9996903948543973,0.00033630159884915554,0.9997426375229771,0.98195663853788,0.2404154524573022,0.9629392170936291,0.20977405150594697,0.9997716028909225,0.9321422994472475,0.9692355199734897,0.9997259903050666,0.5112883707455811,0.9999494391333026,0.9997063760967706,0.9444730930731243,0.5486129063538435,0.061129130650985075,0.3350917996979529,0.7045110255759482,0.9997413020902547,3.600355560085575e-05,0.9996519847266223,0.002799746113015675,0.3067456631705825,1.0,0.02701436332745061,0.00016179775767098456,0.9997834992783162,0.9759795414800712,0.9996527556727944,0.00021179399330550368,0.9999634375563562,0.030678731061981938,4.464615665583485e-05,0.07565476907404883,0.0004442074776129144
mso,0.02229582572196162,0.9695184655062731,0.10938300856901663,0.022032902400026658,0.022318655398492662,0.9704825405533687,0.5230493786358286,0.022543370254955165,0.02222021442258976,0.022460704985870786,0.021703066859486756,0.024438302144113046,0.5610011938085128,0.026046579219466834,0.033643861803841844,0.966457719750227,0.022405726513386258,0.5592133621000515,0.6595053390797228,0.02667651615441851,0.8440313933404751,0.9734395301660105,0.023036049525216543,0.029469110835638145,0.5850574348314126,0.8962025740421856,0.02265886849619159,0.02231552385021993,0.02167346673511966,0.9730332223508966,0.022090490004026672,0.19005944325947854,0.7751591631090834,0.28209319934635124,0.6787021622184289,0.02252699067772836,0.37152966723042613,0.2663797020331216,0.022013511450424145,0.848528621000082,0.025237048626880216,0.02184537737381652,0.3462648849638584,0.8291314647634125,0.7228475982578854,0.8794766547703807,0.7102490320648821,0.02226094729247937,0.9725136845660346,0.03223636332831084,0.9784050233703623,0.9190980884717513,0.02701436332745061,1.0,0.9738643714091633,0.022610384340310728,0.23535518391424348,0.021394273694165997,0.9739904771758499,0.02614086411332445,0.1983368362099446,0.972629737899933,0.21970013953429346,0.9761728912800876
dnc,3.9488265979714353e-05,0.9945557137350585,0.09014257623986024,2.9472430243502736e-05,3.9488245625259266e-05,0.9961209125458231,0.515811728612505,4.858676248260445e-05,3.634434882409777e-05,4.531445605266568e-05,2.2933369982348725e-05,7.385939623532749e-05,0.5565463689610461,0.00012627190172014857,0.00029280181339298126,0.991880992677487,4.158319128532522e-05,0.5535551508734263,0.660383392518901,0.00015975837013365875,0.8556648488343666,0.9964129042748129,5.176932416293755e-05,0.0010409986787934086,0.595820566205973,0.9108633720935271,4.0096444556938906e-05,3.90157431708655e-05,1.989713186096713e-05,0.9999876444480333,2.8560959001088442e-05,0.17310107460400415,0.7858514136365529,0.2686615031387146,0.6914276414692698,4.541657090286022e-05,0.3544360483425024,0.24621877461315797,2.8872483257580617e-05,0.8582925031627702,0.00010923751934362473,2.6124098399397994e-05,0.32848823054357157,0.8361578423868672,0.7390705021868827,0.8913088485615485,0.7097725675116362,3.9480623179387855e-05,0.999976270959218,0.0004249778208441186,0.9997478547077344,0.937229511064785,0.00016179775767098456,0.9738643714091633,0.9999999999999999,4.237693098888396e-05,0.1992761943678952,1.57206777524551e-05,0.9999880229523161,0.00014134713103863947,0.004431716926350649,0.9999806944287051,0.00579348176415589,0.9999437310680962
rte,0.9999964781362737,0.08157433487826479,0.9958533241806946,0.9999953844658352,0.999997144310211,0.05800498830114916,0.8566139009862632,0.9999963860902206,0.9999965899924383,0.9999971029537008,0.9999882293510678,0.9999404320147008,0.8212655261422236,0.999865614589799,0.9984480852970912,0.06279501195185376,0.9999980424233869,0.8326168144389866,0.7418414619933993,0.9998420110300137,0.49983297312611497,0.08428730616444649,0.9999976844431331,0.9996167661699602,0.04702093168813447,0.4101557553176674,0.9999993517913546,0.9999973588221986,0.9999896270745834,0.00026915194818385763,0.9999961856382057,0.9822028653968666,0.23992298156768446,0.963227727925308,0.20965580989909754,0.9999983673806426,0.9318162942342281,0.9689925126032393,0.9999953827512035,0.5111832997433985,0.9999257993773271,0.9999917531183442,0.9441674295834581,0.5483922670879962,0.06090900510562114,0.3346726731169408,0.704285014990995,0.9999962558004494,9.494682703705435e-06,0.9991250622375029,0.0022323786886297215,0.3067339361042416,0.9997834992783162,0.022610384340310728,4.237693098888396e-05,0.9999999999999999,0.9743305701036885,0.9999805045397996,5.8073566600443346e-05,0.9998778700875907,0.011097155157925547,1.1351797297999918e-05,0.05616377222476355,0.00011915253552715401
phi,0.9740766589283987,0.27743879897816864,0.9878014069074318,0.9740099562408169,0.9740998670053654,0.25477904472287494,0.9378986837097762,0.9741452223733101,0.9740641461864901,0.9741319386225735,0.9738106400982658,0.9754116591539105,0.9113375937905417,0.9759054356695465,0.9786833951849667,0.2586010947138661,0.974147305945313,0.9217922569036714,0.8542921957048359,0.975875120784506,0.657437362640093,0.28144368615762855,0.9745537416107457,0.9769393759889123,0.16677547183643243,0.58121015599416,0.9744030623280487,0.9741058885286034,0.9738441689067411,0.19937803398446327,0.974067937996695,0.9911354065441996,0.39294778778443584,0.991433344800643,0.3424845250491155,0.9741923741867446,0.9812150219714656,0.9951179692583303,0.9740067692933086,0.669744790203883,0.9754989691793811,0.9738949996780322,0.9880684573009807,0.702115036338718,0.20723308759670475,0.5056719186297146,0.8292480253274097,0.9740582259028804,0.19894753824436,0.9765767714710747,0.20357509082837072,0.48552584814692024,0.9759795414800712,0.23535518391424348,0.1992761943678952,0.9743305701036885,1.0,0.9736527905729979,0.19963146075395166,0.9757434318565444,0.11316625109654749,0.1989624826567898,0.15490242228679682,0.20034086481614366
d3r,0.9999915951667043,0.0815590368803947,0.9958579819402502,0.9999946234617214,0.9999909535405085,0.05799058964371142,0.8565518598841187,0.999987238498305,0.9999925332988959,0.9999888516114529,0.999998813515312,0.9998540519682012,0.8212185312135071,0.9997446923938208,0.9980810702734935,0.06278066648258027,0.9999890831457694,0.8325677982356927,0.7418144324601974,0.9997204329954653,0.49980408991622555,0.08421221698020473,0.9999648470237115,0.9994292852653834,0.04687087844603959,0.41011770322305957,0.9999757279302444,0.9999908435124204,0.9999984327979174,0.00025103581397702113,0.999992171579247,0.9821993410960643,0.23974262258794116,0.9632373833427721,0.20960708826510477,0.9999866873054577,0.9316261026085471,0.9688479596625361,0.9999948145879998,0.5111099451833429,0.9998323826934397,0.9999975419120288,0.9439790351983509,0.5482865896597917,0.06084883376515961,0.3345221366388902,0.7041544378155095,0.9999923937099737,2.2747996834836025e-06,0.998915948755945,0.002072110963388126,0.3067077915311771,0.9996527556727944,0.021394273694165997,1.57206777524551e-05,0.9999805045397996,0.9736527905729979,1.0000000000000002,1.2240944184076062e-05,0.9997664556244373,0.005041661229469118,3.155068414270697e-06,0.05018626862621303,3.147422186658341e-05
afy,4.443382038791204e-05,0.9945553565468954,0.09014664141937445,3.6158379687353425e-05,4.55196546320936e-05,0.9961203602155025,0.5158228462380676,5.2384252864842304e-05,4.219594378571462e-05,4.995281638431782e-05,2.3414059612665078e-05,0.00013000861029869782,0.5565645080924864,0.0001843048768889552,0.00047248886868073094,0.9918810355932877,4.8818137435948695e-05,0.553546862628738,0.6603935030308843,0.00020068771565298938,0.8556765051852594,0.9964349084726003,7.396502065063702e-05,0.0011161234822669112,0.5958981490785068,0.9108715127315583,6.07517004469967e-05,4.556056990683491e-05,2.338423591861834e-05,0.9999895920844564,3.874112560686871e-05,0.17310813191166968,0.7859394267692011,0.26866221471358465,0.6914500237924649,5.29459279357907e-05,0.35451604569056866,0.24625811579195264,3.562457331245423e-05,0.8583145041515092,0.00015306837436749552,2.8913543498095744e-05,0.3285750359473562,0.8361871752760778,0.7390727220546919,0.8913614207240511,0.7098195787578506,4.3280842515473774e-05,0.9999780712801952,0.0004266577332636901,0.9997847196142707,0.9372354969016371,0.00021179399330550368,0.9739904771758499,0.9999880229523161,5.8073566600443346e-05,0.19963146075395166,1.2240944184076062e-05,1.0,0.00018321126318189456,0.007324447693622771,0.9999803852767601,0.007845178060773658,0.9999466436136348
vsv,0.9998457174971422,0.08161139163175164,0.995675129158399,0.9998294161904168,0.9998487137493421,0.058043356935346097,0.8566528426213221,0.999860326512655,0.9998418423418483,0.9998566915391626,0.9997965103429535,0.9999652335329334,0.8212565514562679,0.9999939712537249,0.9991547978557956,0.06283203377431472,0.9998561366647587,0.8326460975531489,0.7417950747889404,0.9999967230508451,0.4998288241812797,0.0844748580907832,0.9999074501121852,0.999923247223058,0.04737224071568105,0.410197056477659,0.9998837999854635,0.9998491714732036,0.999798593606872,0.00032376268169373364,0.9998362373845093,0.9820493603777317,0.24032177201120614,0.9630442597644778,0.20975024126021138,0.9998644107554774,0.9321361127577418,0.9692262474560942,0.9998283772359685,0.5112964268428969,0.9999913149349811,0.9998109761447382,0.9444698766908592,0.5485893907938338,0.06108766087774869,0.3350129054386334,0.7045063913621717,0.9998428374135736,3.1273465734579785e-05,0.9995998171266217,0.002674635394544371,0.3067597874580572,0.9999634375563562,0.02614086411332445,0.00014134713103863947,0.9998778700875907,0.9757434318565444,0.9997664556244373,0.00018321126318189456,0.9999999999999999,0.025762654742261696,3.90717350234937e-05,0.07151273517205156,0.0003833692340458345
los,0.009039551235242221,0.0032214904357656146,0.007352671826116195,0.00829578419776731,0.009212167829996516,0.0028846726240207314,0.017180479957450975,0.009781899486834316,0.008853320422067133,0.00953419691533544,0.006562537901796378,0.02138746853607901,0.014526494568254812,0.02711238521735258,0.06509909232784475,0.0029079210028804176,0.00960570259128526,0.014955060112997966,0.010595857041578317,0.027650330002409174,0.008794343862123136,0.012860329507477298,0.013229081195843055,0.03778677537504779,0.023945975204548484,0.00941294939652979,0.011844288921614396,0.00925215486372293,0.00670284180505982,0.002946138591188351,0.008940177624133523,0.008705964653856386,0.030871681775519355,0.0062722985478718876,0.009940057560302166,0.010055945906272361,0.037373860897939266,0.03153430864746871,0.00819798441119608,0.015834683982499397,0.0230734990629214,0.007242356414553486,0.037158096051535645,0.021768017330268993,0.010463821569193283,0.027338990144681215,0.026415144360249155,0.00869891274903387,0.0011645620617780988,0.042355975486540624,0.026397273455401035,0.006713976661891924,0.030678731061981938,0.1983368362099446,0.004431716926350649,0.011097155157925547,0.11316625109654749,0.005041661229469118,0.007324447693622771,0.025762654742261696,1.0,0.0013261461421319846,0.9703025373911857,0.014254010541125245
aww,9.91144186578644e-06,0.9945619174566738,0.09012570628403646,7.387754050800708e-06,9.979991009834815e-06,0.996128633165812,0.515742397899721,1.2230607311712424e-05,9.134687414948266e-06,1.1420499027260264e-05,5.281341370716358e-06,2.207004654736354e-05,0.5565037553633213,3.602247088965619e-05,8.740871583331435e-05,0.9918881173535327,1.0610411724264059e-05,0.5534752704286686,0.6603588629231617,4.3647458454895484e-05,0.8556532304627542,0.9963819495165483,1.4221340061003697e-05,0.0008964126545912821,0.5957480411433813,0.9108430300869909,1.1057307248479074e-05,9.877581698604177e-06,4.6911452371382726e-06,0.9999983805892311,7.349220433361904e-06,0.17307963654908542,0.7857631128807395,0.26865239083302545,0.6913956104614823,1.1626352812256995e-05,0.35430619655663187,0.2460805936393974,7.242614670060681e-06,0.8582456557347974,3.058999897078966e-05,6.2584593208476506e-06,0.32837111544640335,0.8360818108681064,0.7390031188760019,0.891212186978238,0.7096849198555943,9.83629749447415e-06,0.9999997261605275,0.0001486713031726887,0.9996389682267025,0.9372206468551054,4.464615665583485e-05,0.972629737899933,0.9999806944287051,1.1351797297999918e-05,0.1989624826567898,3.155068414270697e-06,0.9999803852767601,3.90717350234937e-05,0.0013261461421319846,1.0,0.0016202707627868559,0.9998734215230943
eab,0.05424570942444638,0.007391139108165114,0.052261843956485636,0.0533427831000778,0.05440436243100369,0.005974428615769326,0.056876188064450404,0.055129865669733345,0.05401264098322278,0.05485623178230404,0.05165382080124777,0.06595084106831872,0.0519083816210237,0.07227714686736987,0.10976075389559288,0.0062004994163125686,0.05481718207208477,0.054320962424926414,0.04438802781948611,0.07362729383075335,0.03162780837325415,0.01728791191832084,0.05824494325352392,0.0836033555415217,0.02583028145819158,0.02860221326792621,0.05668779126568782,0.05442851272143465,0.05172716928020023,0.0033623362961670063,0.05381152274573526,0.052982886360494696,0.04140623124430163,0.04978716032259203,0.0195358742829531,0.05530790818917152,0.08004287415738712,0.07660316612252663,0.053265078441447414,0.03970016585749175,0.06824461717798729,0.05235853161605189,0.07995179282529032,0.04748175738109679,0.014741517897805671,0.04316844163560214,0.059020647948101274,0.05402620227233232,0.0013302957598418845,0.09227650726339008,0.028022661873014373,0.021084891348441045,0.07565476907404883,0.21970013953429346,0.00579348176415589,0.05616377222476355,0.15490242228679682,0.05018626862621303,0.007845178060773658,0.07151273517205156,0.9703025373911857,0.0016202707627868559,1.0000000000000002,0.0162134467216669
ave,9.804190494771231e-05,0.9944805865337774,0.0901721946039869,7.724276849255993e-05,9.948797784046952e-05,0.9960429011930617,0.5159143896544732,0.00011752693426526392,9.196552313807377e-05,0.00011099097439322356,5.370298557104982e-05,0.0002470787579434739,0.5566245043555035,0.0003707262753590326,0.0009207001045943561,0.9918111945887111,0.00010592125461324086,0.5536457518589468,0.6604087637102825,0.0004249468970768371,0.8556580111696852,0.9964279487154368,0.0001497742756197128,0.0014069223731261842,0.5961283266863042,0.910850932804578,0.00012085488651792845,9.908899554420987e-05,5.0652402215106445e-05,0.9998988897756693,8.011409924365913e-05,0.17314562336210218,0.7861577319293802,0.26865786355956267,0.6915604429421297,0.00011517344711844919,0.3547672587856418,0.24650318874713686,7.585536713431724e-05,0.8583510812451053,0.00031234540839328274,6.4129860153597e-05,0.3287990260042657,0.8362748833139243,0.7392298020551468,0.8915344779381607,0.7099449274516092,9.619956868934975e-05,0.9998647233796476,0.0009164361292094164,0.999923641798385,0.9372078401740083,0.0004442074776129144,0.9761728912800876,0.9999437310680962,0.00011915253552715401,0.20034086481614366,3.147422186658341e-05,0.9999466436136348,0.0003833692340458345,0.014254010541125245,0.9998734215230943,0.0162134467216669,0.9999999999999999
